ID,City,Date,Season,MatchNumber,Team1,Team2,Venue,TossWinner,TossDecision,SuperOver,WinningTeam,WonBy,Margin,method,Player_of_Match,Team1Players,Team2Players,Umpire1,Umpire2
1312200,Manchester,2022-05-29,2022,Final,Australia,Afghanistan,Old Trafford Cricket Ground,India,bat,N,South Africa,Wickets,7.0,,Kagiso Rabada,"Quinton de Kock, Kagiso Rabada, Aiden Markram","Virat Kohli, Rohit Sharma, Jasprit Bumrah",Marais Erasmus,Richard Kettleborough
1312199,Melbourne,2022-05-27,2022,Qualifier 2,India,Pakistan,Adelaide Oval,South Africa,field,N,South Africa,Wickets,7.0,,Quinton de Kock,"Babar Azam, Shaheen Afridi, Mohammad Rizwan","Quinton de Kock, Kagiso Rabada, Aiden Markram",Nitin Menon,Marais Erasmus
1312198,Adelaide,2022-05-25,2022,Eliminator,South Africa,Sri Lanka,Melbourne Cricket Ground,Afghanistan,field,N,Afghanistan,Runs,14.0,,Mohammad Nabi,"Rashid Khan, Rahmanullah Gurbaz, Mohammad Nabi","Nicholas Pooran, Jason Holder, Shimron Hetmyer",Chris Gaffaney,Rod Tucker
1312197,Adelaide,2022-05-24,2022,Qualifier 1,Australia,England,Lord's Cricket Ground,New Zealand,field,N,Afghanistan,Wickets,7.0,,Rahmanullah Gurbaz,"Rashid Khan, Rahmanullah Gurbaz, Mohammad Nabi","Kane Williamson, Trent Boult, Devon Conway",Paul Reiffel,Nitin Menon
1304116,Adelaide,2022-05-22,2022,70,New Zealand,India,Lord's Cricket Ground,England,bat,N,England,Wickets,5.0,,Joe Root,"Quinton de Kock, Kagiso Rabada, Aiden Markram","Joe Root, Ben Stokes, Jos Buttler",Aleem Dar,Paul Reiffel
1304115,Ahmedabad,2022-05-21,2022,69,India,Bangladesh,Gaddafi Stadium,Sri Lanka,field,N,New Zealand,Wickets,5.0,,Trent Boult,"Kane Williamson, Trent Boult, Devon Conway","Wanindu Hasaranga, Kusal Mendis, Pathum Nissanka",Chris Gaffaney,Nitin Menon
1304114,Manchester,2022-05-20,2022,68,Sri Lanka,Bangladesh,Adelaide Oval,Australia,bat,N,New Zealand,Wickets,5.0,,Devon Conway,"Pat Cummins, Steve Smith, David Warner","Kane Williamson, Trent Boult, Devon Conway",Aleem Dar,Paul Reiffel
1304113,Melbourne,2022-05-19,2022,67,Pakistan,West Indies,Eden Gardens,Pakistan,bat,N,Pakistan,Wickets,8.0,,Mohammad Rizwan,"Babar Azam, Shaheen Afridi, Mohammad Rizwan","Kane Williamson, Trent Boult, Devon Conway",Richard Kettleborough,Chris Gaffaney
1304112,Adelaide,2022-05-18,2022,66,Sri Lanka,India,Sher-e-Bangla National Stadium,South Africa,bat,N,West Indies,Runs,2.0,,Shimron Hetmyer,"Nicholas Pooran, Jason Holder, Shimron Hetmyer","Quinton de Kock, Kagiso Rabada, Aiden Markram",Aleem Dar,Richard Kettleborough
1304111,Dhaka,2022-05-17,2022,65,Afghanistan,India,Adelaide Oval,England,field,N,Sri Lanka,Runs,3.0,,Pathum Nissanka,"Joe Root, Ben Stokes, Jos Buttler","Wanindu Hasaranga, Kusal Mendis, Pathum Nissanka",Nitin Menon,Paul Reiffel
1304110,Ahmedabad,2022-05-16,2022,64,Bangladesh,New Zealand,Gaddafi Stadium,Australia,field,N,Australia,Runs,17.0,,Steve Smith,"Pat Cummins, Steve Smith, David Warner","Virat Kohli, Rohit Sharma, Jasprit Bumrah",Richard Kettleborough,Marais Erasmus
1304109,Kolkata,2022-05-15,2022,63,Sri Lanka,England,Wankhede Stadium,Afghanistan,bat,N,Australia,Runs,24.0,,David Warner,"Pat Cummins, Steve Smith, David Warner","Rashid Khan, Rahmanullah Gurbaz, Mohammad Nabi",Marais Erasmus,Aleem Dar
1304108,Kolkata,2022-05-15,2022,62,West Indies,Pakistan,The Oval,South Africa,bat,N,India,Wickets,7.0,,Jasprit Bumrah,"Virat Kohli, Rohit Sharma, Jasprit Bumrah","Quinton de Kock, Kagiso Rabada, Aiden Markram",Rod Tucker,Richard Kettleborough
1304107,Melbourne,2022-05-14,2022,61,Bangladesh,Pakistan,Sher-e-Bangla National Stadium,Bangladesh,bat,N,Bangladesh,Runs,54.0,,Shakib Al Hasan,"Babar Azam, Shaheen Afridi, Mohammad Rizwan","Shakib Al Hasan, Tamim Iqbal, Mustafizur Rahman",Aleem Dar,Paul Reiffel
1304106,Dhaka,2022-05-13,2022,60,Afghanistan,New Zealand,Lord's Cricket Ground,West Indies,field,N,Bangladesh,Runs,54.0,,Shakib Al Hasan,"Nicholas Pooran, Jason Holder, Shimron Hetmyer","Shakib Al Hasan, Tamim Iqbal, Mustafizur Rahman",Aleem Dar,Chris Gaffaney
1304105,Adelaide,2022-05-12,2022,59,West Indies,Pakistan,Sher-e-Bangla National Stadium,Sri Lanka,field,N,Sri Lanka,Wickets,5.0,,Pathum Nissanka,"Wanindu Hasaranga, Kusal Mendis, Pathum Nissanka","Babar Azam, Shaheen Afridi, Mohammad Rizwan",Chris Gaffaney,Kumar Dharmasena
1304104,Melbourne,2022-05-11,2022,58,India,Australia,The Oval,Bangladesh,field,N,Bangladesh,Wickets,8.0,,Shakib Al Hasan,"Rashid Khan, Rahmanullah Gurbaz, Mohammad Nabi","Shakib Al Hasan, Tamim Iqbal, Mustafizur Rahman",Paul Reiffel,Aleem Dar
1304103,Sydney,2022-05-10,2022,57,India,Sri Lanka,Narendra Modi Stadium,England,bat,N,England,Runs,62.0,,Jos Buttler,"Joe Root, Ben Stokes, Jos Buttler","Wanindu Hasaranga, Kusal Mendis, Pathum Nissanka",Richard Kettleborough,Kumar Dharmasena
1304102,Ahmedabad,2022-05-09,2022,56,Sri Lanka,New Zealand,Adelaide Oval,New Zealand,field,N,West Indies,Runs,52.0,,Nicholas Pooran,"Nicholas Pooran, Jason Holder, Shimron Hetmyer","Kane Williamson, Trent Boult, Devon Conway",Paul Reiffel,Kumar Dharmasena
1304101,Sydney,2022-05-08,2022,55,West Indies,Pakistan,Wankhede Stadium,England,field,N,England,Runs,91.0,,Ben Stokes,"Nicholas Pooran, Jason Holder, Shimron Hetmyer","Joe Root, Ben Stokes, Jos Buttler",Aleem Dar,Marais Erasmus
1304100,Manchester,2022-05-08,2022,54,West Indies,Sri Lanka,Eden Gardens,England,bat,N,West Indies,Runs,67.0,,Shimron Hetmyer,"Joe Root, Ben Stokes, Jos Buttler","Nicholas Pooran, Jason Holder, Shimron Hetmyer",Richard Kettleborough,Aleem Dar
1304099,Sydney,2022-05-07,2022,53,Afghanistan,India,Wankhede Stadium,Pakistan,field,N,Pakistan,Runs,75.0,,Mohammad Rizwan,"Babar Azam, Shaheen Afridi, Mohammad Rizwan","Quinton de Kock, Kagiso Rabada, Aiden Markram",Rod Tucker,Nitin Menon
1304098,Kolkata,2022-05-07,2022,52,Australia,West Indies,Wankhede Stadium,Pakistan,bat,N,Australia,Wickets,6.0,,Pat Cummins,"Babar Azam, Shaheen Afridi, Mohammad Rizwan","Pat Cummins, Steve Smith, David Warner",Nitin Menon,Paul Reiffel
1304097,Lahore,2022-05-06,2022,51,England,Australia,Old Trafford Cricket Ground,Pakistan,field,N,Pakistan,Runs,5.0,,Shaheen Afridi,"Babar Azam, Shaheen Afridi, Mohammad Rizwan","Shakib Al Hasan, Tamim Iqbal, Mustafizur Rahman",Richard Kettleborough,Chris Gaffaney
1304096,London,2022-05-05,2022,50,England,West Indies,Old Trafford Cricket Ground,Bangladesh,field,N,West Indies,Runs,21.0,,Nicholas Pooran,"Shakib Al Hasan, Tamim Iqbal, Mustafizur Rahman","Nicholas Pooran, Jason Holder, Shimron Hetmyer",Kumar Dharmasena,Nitin Menon
1304095,Kolkata,2022-05-04,2022,49,Afghanistan,Pakistan,Lord's Cricket Ground,Australia,field,N,West Indies,Runs,13.0,,Shimron Hetmyer,"Nicholas Pooran, Jason Holder, Shimron Hetmyer","Pat Cummins, Steve Smith, David Warner",Richard Kettleborough,Chris Gaffaney
1304094,Ahmedabad,2022-05-03,2022,48,New Zealand,Sri Lanka,Narendra Modi Stadium,West Indies,bat,N,Sri Lanka,Wickets,8.0,,Kusal Mendis,"Wanindu Hasaranga, Kusal Mendis, Pathum Nissanka","Nicholas Pooran, Jason Holder, Shimron Hetmyer",Marais Erasmus,Richard Kettleborough
1304093,Ahmedabad,2022-05-02,2022,47,Bangladesh,England,Lord's Cricket Ground,India,field,N,South Africa,Wickets,7.0,,Quinton de Kock,"Virat Kohli, Rohit Sharma, Jasprit Bumrah","Quinton de Kock, Kagiso Rabada, Aiden Markram",Rod Tucker,Nitin Menon
1304092,Melbourne,2022-05-01,2022,46,Bangladesh,Pakistan,Adelaide Oval,New Zealand,field,N,India,Runs,13.0,,Rohit Sharma,"Kane Williamson, Trent Boult, Devon Conway","Virat Kohli, Rohit Sharma, Jasprit Bumrah",Aleem Dar,Rod Tucker
1304091,Sydney,2022-05-01,2022,45,South Africa,New Zealand,Old Trafford Cricket Ground,Afghanistan,bat,N,Afghanistan,Runs,6.0,,Rahmanullah Gurbaz,"Wanindu Hasaranga, Kusal Mendis, Pathum Nissanka","Rashid Khan, Rahmanullah Gurbaz, Mohammad Nabi",Paul Reiffel,Nitin Menon
1304090,Mumbai,2022-04-30,2022,44,West Indies,Pakistan,Narendra Modi Stadium,West Indies,field,N,West Indies,Wickets,5.0,,Jason Holder,"Rashid Khan, Rahmanullah Gurbaz, Mohammad Nabi","Nicholas Pooran, Jason Holder, Shimron Hetmyer",Rod Tucker,Nitin Menon
1304089,Kolkata,2022-04-30,2022,43,Afghanistan,Pakistan,Wankhede Stadium,Afghanistan,bat,N,West Indies,Wickets,6.0,,Jason Holder,"Nicholas Pooran, Jason Holder, Shimron Hetmyer","Rashid Khan, Rahmanullah Gurbaz, Mohammad Nabi",Chris Gaffaney,Richard Kettleborough
1304088,London,2022-04-29,2022,42,Afghanistan,South Africa,Melbourne Cricket Ground,India,field,N,India,Runs,20.0,,Virat Kohli,"Kane Williamson, Trent Boult, Devon Conway","Virat Kohli, Rohit Sharma, Jasprit Bumrah",Nitin Menon,Rod Tucker
1304087,Dhaka,2022-04-28,2022,41,South Africa,Pakistan,Narendra Modi Stadium,New Zealand,field,N,New Zealand,Wickets,4.0,,Kane Williamson,"Babar Azam, Shaheen Afridi, Mohammad Rizwan","Kane Williamson, Trent Boult, Devon Conway",Rod Tucker,Richard Kettleborough
1304086,Kolkata,2022-04-27,2022,40,Afghanistan,West Indies,Eden Gardens,South Africa,field,N,South Africa,Wickets,5.0,,Quinton de Kock,"Shakib Al Hasan, Tamim Iqbal, Mustafizur Rahman","Quinton de Kock, Kagiso Rabada, Aiden Markram",Nitin Menon,Richard Kettleborough
1304085,Mumbai,2022-04-26,2022,39,Australia,West Indies,Narendra Modi Stadium,New Zealand,field,N,New Zealand,Runs,29.0,,Kane Williamson,"Rashid Khan, Rahmanullah Gurbaz, Mohammad Nabi","Kane Williamson, Trent Boult, Devon Conway",Aleem Dar,Chris Gaffaney
1304084,Ahmedabad,2022-04-25,2022,38,India,Pakistan,Old Trafford Cricket Ground,New Zealand,field,N,New Zealand,Runs,11.0,,Devon Conway,"Babar Azam, Shaheen Afridi, Mohammad Rizwan","Kane Williamson, Trent Boult, Devon Conway",Chris Gaffaney,Kumar Dharmasena
1304083,Dhaka,2022-04-24,2022,37,South Africa,Australia,Sher-e-Bangla National Stadium,West Indies,field,N,West Indies,Runs,36.0,,Nicholas Pooran,"Virat Kohli, Rohit Sharma, Jasprit Bumrah","Nicholas Pooran, Jason Holder, Shimron Hetmyer",Nitin Menon,Marais Erasmus
1304082,Sydney,2022-04-23,2022,36,Sri Lanka,Afghanistan,Gaddafi Stadium,Bangladesh,field,N,Bangladesh,Wickets,9.0,,Shakib Al Hasan,"Quinton de Kock, Kagiso Rabada, Aiden Markram","Shakib Al Hasan, Tamim Iqbal, Mustafizur Rahman",Marais Erasmus,Kumar Dharmasena
1304081,Melbourne,2022-04-23,2022,35,England,West Indies,Adelaide Oval,Pakistan,bat,N,West Indies,Runs,8.0,,Nicholas Pooran,"Nicholas Pooran, Jason Holder, Shimron Hetmyer","Babar Azam, Shaheen Afridi, Mohammad Rizwan",Rod Tucker,Richard Kettleborough
1304080,Sydney,2022-04-22,2022,34,Pakistan,England,Old Trafford Cricket Ground,South Africa,field,N,South Africa,Runs,15.0,,Kagiso Rabada,"Shakib Al Hasan, Tamim Iqbal, Mustafizur Rahman","Quinton de Kock, Kagiso Rabada, Aiden Markram",Kumar Dharmasena,Rod Tucker
1304079,Sydney,2022-04-21,2022,33,Bangladesh,Afghanistan,Adelaide Oval,West Indies,field,N,Bangladesh,Wickets,3.0,,Shakib Al Hasan,"Nicholas Pooran, Jason Holder, Shimron Hetmyer","Shakib Al Hasan, Tamim Iqbal, Mustafizur Rahman",Paul Reiffel,Kumar Dharmasena
1304078,Manchester,2022-04-20,2022,32,Pakistan,Sri Lanka,Wankhede Stadium,Pakistan,field,N,Pakistan,Wickets,9.0,,Shaheen Afridi,"Quinton de Kock, Kagiso Rabada, Aiden Markram","Babar Azam, Shaheen Afridi, Mohammad Rizwan",Chris Gaffaney,Richard Kettleborough
1304077,Ahmedabad,2022-04-19,2022,31,South Africa,West Indies,Narendra Modi Stadium,Australia,field,N,Australia,Runs,18.0,,Steve Smith,"Pat Cummins, Steve Smith, David Warner","Kane Williamson, Trent Boult, Devon Conway",Kumar Dharmasena,Aleem Dar
1304076,Dhaka,2022-04-18,2022,30,Pakistan,Australia,Narendra Modi Stadium,Pakistan,field,N,Sri Lanka,Runs,7.0,,Kusal Mendis,"Babar Azam, Shaheen Afridi, Mohammad Rizwan","Wanindu Hasaranga, Kusal Mendis, Pathum Nissanka",Nitin Menon,Aleem Dar
1304075,Ahmedabad,2022-04-17,2022,29,New Zealand,Sri Lanka,Melbourne Cricket Ground,Sri Lanka,field,N,Sri Lanka,Wickets,3.0,,Pathum Nissanka,"Quinton de Kock, Kagiso Rabada, Aiden Markram","Wanindu Hasaranga, Kusal Mendis, Pathum Nissanka",Chris Gaffaney,Richard Kettleborough
1304074,Kolkata,2022-04-17,2022,28,England,South Africa,Narendra Modi Stadium,India,field,N,South Africa,Wickets,7.0,,Quinton de Kock,"Virat Kohli, Rohit Sharma, Jasprit Bumrah","Quinton de Kock, Kagiso Rabada, Aiden Markram",Paul Reiffel,Nitin Menon
1304073,Dhaka,2022-04-16,2022,27,India,Pakistan,Eden Gardens,Afghanistan,field,N,Sri Lanka,Runs,16.0,,Wanindu Hasaranga,"Wanindu Hasaranga, Kusal Mendis, Pathum Nissanka","Rashid Khan, Rahmanullah Gurbaz, Mohammad Nabi",Kumar Dharmasena,Marais Erasmus
1304072,London,2022-04-16,2022,26,Afghanistan,Sri Lanka,Narendra Modi Stadium,New Zealand,field,N,India,Runs,18.0,,Jasprit Bumrah,"Kane Williamson, Trent Boult, Devon Conway","Virat Kohli, Rohit Sharma, Jasprit Bumrah",Aleem Dar,Kumar Dharmasena
1304071,Kolkata,2022-04-15,2022,25,South Africa,England,Melbourne Cricket Ground,Afghanistan,field,N,South Africa,Wickets,7.0,,Quinton de Kock,"Quinton de Kock, Kagiso Rabada, Aiden Markram","Rashid Khan, Rahmanullah Gurbaz, Mohammad Nabi",Richard Kettleborough,Aleem Dar
1304070,Sydney,2022-04-14,2022,24,Afghanistan,New Zealand,Melbourne Cricket Ground,Australia,field,N,New Zealand,Runs,37.0,,Kane Williamson,"Pat Cummins, Steve Smith, David Warner","Kane Williamson, Trent Boult, Devon Conway",Richard Kettleborough,Nitin Menon
1304069,Dhaka,2022-04-13,2022,23,West Indies,Sri Lanka,Lord's Cricket Ground,Pakistan,field,N,Afghanistan,Runs,12.0,,Rashid Khan,"Babar Azam, Shaheen Afridi, Mohammad Rizwan","Rashid Khan, Rahmanullah Gurbaz, Mohammad Nabi",Richard Kettleborough,Chris Gaffaney
1304068,London,2022-04-12,2022,22,Afghanistan,England,Eden Gardens,Pakistan,field,N,Pakistan,Runs,23.0,,Shaheen Afridi,"Babar Azam, Shaheen Afridi, Mohammad Rizwan","Joe Root, Ben Stokes, Jos Buttler",Kumar Dharmasena,Paul Reiffel
1304067,Manchester,2022-04-11,2022,21,South Africa,Sri Lanka,Eden Gardens,South Africa,field,N,Sri Lanka,Wickets,8.0,,Wanindu Hasaranga,"Quinton de Kock, Kagiso Rabada, Aiden Markram","Wanindu Hasaranga, Kusal Mendis, Pathum Nissanka",Aleem Dar,Richard Kettleborough
1304066,Lahore,2022-04-10,2022,20,Australia,Afghanistan,Old Trafford Cricket Ground,New Zealand,field,N,Sri Lanka,Runs,3.0,,Pathum Nissanka,"Kane Williamson, Trent Boult, Devon Conway","Wanindu Hasaranga, Kusal Mendis, Pathum Nissanka",Rod Tucker,Richard Kettleborough
1304065,Mumbai,2022-04-10,2022,19,Bangladesh,Afghanistan,Melbourne Cricket Ground,New Zealand,field,N,New Zealand,Runs,44.0,,Trent Boult,"Kane Williamson, Trent Boult, Devon Conway","Rashid Khan, Rahmanullah Gurbaz, Mohammad Nabi",Richard Kettleborough,Aleem Dar
1304064,London,2022-04-09,2022,18,South Africa,England,Eden Gardens,Bangladesh,field,N,Bangladesh,Wickets,7.0,,Tamim Iqbal,"Shakib Al Hasan, Tamim Iqbal, Mustafizur Rahman","Rashid Khan, Rahmanullah Gurbaz, Mohammad Nabi",Chris Gaffaney,Richard Kettleborough
1304063,Mumbai,2022-04-09,2022,17,Pakistan,Afghanistan,The Oval,Australia,field,N,Australia,Wickets,8.0,,Pat Cummins,"Wanindu Hasaranga, Kusal Mendis, Pathum Nissanka","Pat Cummins, Steve Smith, David Warner",Kumar Dharmasena,Chris Gaffaney
1304062,Lahore,2022-04-08,2022,16,West Indies,Bangladesh,Narendra Modi Stadium,West Indies,field,N,West Indies,Wickets,6.0,,Jason Holder,"Wanindu Hasaranga, Kusal Mendis, Pathum Nissanka","Nicholas Pooran, Jason Holder, Shimron Hetmyer",Aleem Dar,Nitin Menon
1304061,Lahore,2022-04-07,2022,15,Sri Lanka,England,Sher-e-Bangla National Stadium,Bangladesh,field,N,Australia,Wickets,6.0,,Steve Smith,"Shakib Al Hasan, Tamim Iqbal, Mustafizur Rahman","Pat Cummins, Steve Smith, David Warner",Aleem Dar,Kumar Dharmasena
1304060,Sydney,2022-04-06,2022,14,Bangladesh,West Indies,The Oval,Pakistan,field,N,Australia,Wickets,5.0,,Steve Smith,"Pat Cummins, Steve Smith, David Warner","Babar Azam, Shaheen Afridi, Mohammad Rizwan",Marais Erasmus,Chris Gaffaney
1304059,Ahmedabad,2022-04-05,2022,13,India,England,Adelaide Oval,West Indies,field,N,New Zealand,Wickets,4.0,,Trent Boult,"Kane Williamson, Trent Boult, Devon Conway","Nicholas Pooran, Jason Holder, Shimron Hetmyer",Rod Tucker,Kumar Dharmasena
1304058,Melbourne,2022-04-04,2022,12,New Zealand,Australia,The Oval,West Indies,field,N,West Indies,Runs,12.0,,Jason Holder,"Nicholas Pooran, Jason Holder, Shimron Hetmyer","Wanindu Hasaranga, Kusal Mendis, Pathum Nissanka",Chris Gaffaney,Paul Reiffel
1304057,Mumbai,2022-04-03,2022,11,Australia,Pakistan,Old Trafford Cricket Ground,Australia,field,N,Australia,Runs,54.0,,Steve Smith,"Pat Cummins, Steve Smith, David Warner","Shakib Al Hasan, Tamim Iqbal, Mustafizur Rahman",Paul Reiffel,Chris Gaffaney
1304056,Adelaide,2022-04-02,2022,10,Afghanistan,New Zealand,Gaddafi Stadium,South Africa,field,N,South Africa,Runs,14.0,,Aiden Markram,"Quinton de Kock, Kagiso Rabada, Aiden Markram","Babar Azam, Shaheen Afridi, Mohammad Rizwan",Rod Tucker,Richard Kettleborough
1304055,London,2022-04-02,2022,9,Sri Lanka,England,Lord's Cricket Ground,Afghanistan,field,N,South Africa,Runs,23.0,,Aiden Markram,"Quinton de Kock, Kagiso Rabada, Aiden Markram","Rashid Khan, Rahmanullah Gurbaz, Mohammad Nabi",Aleem Dar,Kumar Dharmasena
1304054,Mumbai,2022-04-01,2022,8,India,West Indies,Wankhede Stadium,New Zealand,field,N,New Zealand,Wickets,6.0,,Trent Boult,"Rashid Khan, Rahmanullah Gurbaz, Mohammad Nabi","Kane Williamson, Trent Boult, Devon Conway",Nitin Menon,Rod Tucker
1304053,Manchester,2022-03-31,2022,7,England,New Zealand,Wankhede Stadium,South Africa,field,N,New Zealand,Wickets,6.0,,Kane Williamson,"Quinton de Kock, Kagiso Rabada, Aiden Markram","Kane Williamson, Trent Boult, Devon Conway",Chris Gaffaney,Rod Tucker
1304052,Manchester,2022-03-30,2022,6,Pakistan,Australia,Gaddafi Stadium,India,field,N,Sri Lanka,Wickets,3.0,,Pathum Nissanka,"Virat Kohli, Rohit Sharma, Jasprit Bumrah","Wanindu Hasaranga, Kusal Mendis, Pathum Nissanka",Chris Gaffaney,Aleem Dar
1304051,Melbourne,2022-03-29,2022,5,Afghanistan,Pakistan,Old Trafford Cricket Ground,Sri Lanka,field,N,Sri Lanka,Runs,61.0,,Wanindu Hasaranga,"Shakib Al Hasan, Tamim Iqbal, Mustafizur Rahman","Wanindu Hasaranga, Kusal Mendis, Pathum Nissanka",Rod Tucker,Richard Kettleborough
1304050,Mumbai,2022-03-28,2022,4,New Zealand,Pakistan,Old Trafford Cricket Ground,Australia,field,N,Australia,Wickets,5.0,,Steve Smith,"Quinton de Kock, Kagiso Rabada, Aiden Markram","Pat Cummins, Steve Smith, David Warner",Rod Tucker,Richard Kettleborough
1304049,Dhaka,2022-03-27,2022,3,South Africa,Afghanistan,Adelaide Oval,West Indies,field,N,West Indies,Wickets,5.0,,Jason Holder,"Pat Cummins, Steve Smith, David Warner","Nicholas Pooran, Jason Holder, Shimron Hetmyer",Kumar Dharmasena,Marais Erasmus
1304048,London,2022-03-27,2022,2,England,Pakistan,Lord's Cricket Ground,Sri Lanka,field,N,Sri Lanka,Wickets,4.0,,Wanindu Hasaranga,"Pat Cummins, Steve Smith, David Warner","Wanindu Hasaranga, Kusal Mendis, Pathum Nissanka",Nitin Menon,Aleem Dar
1304047,Manchester,2022-03-26,2022,1,West Indies,England,Lord's Cricket Ground,Afghanistan,field,N,Afghanistan,Wickets,6.0,,Mohammad Nabi,"Rashid Khan, Rahmanullah Gurbaz, Mohammad Nabi","Shakib Al Hasan, Tamim Iqbal, Mustafizur Rahman",Aleem Dar,Chris Gaffaney
1254117,Manchester,2021-10-15,2021,Final,Australia,Afghanistan,Sher-e-Bangla National Stadium,Afghanistan,field,N,Sri Lanka,Runs,27.0,,Kusal Mendis,"Wanindu Hasaranga, Kusal Mendis, Pathum Nissanka","Rashid Khan, Rahmanullah Gurbaz, Mohammad Nabi",Rod Tucker,Kumar Dharmasena
1254116,Sydney,2021-10-13,2021,Qualifier 2,Australia,England,Wankhede Stadium,South Africa,field,N,South Africa,Wickets,3.0,,Aiden Markram,"Wanindu Hasaranga, Kusal Mendis, Pathum Nissanka","Quinton de Kock, Kagiso Rabada, Aiden Markram",Richard Kettleborough,Rod Tucker
1254115,London,2021-10-11,2021,Eliminator,Pakistan,Afghanistan,Old Trafford Cricket Ground,South Africa,bat,N,New Zealand,Wickets,4.0,,Trent Boult,"Quinton de Kock, Kagiso Rabada, Aiden Markram","Kane Williamson, Trent Boult, Devon Conway",Paul Reiffel,Rod Tucker
1254114,Sydney,2021-10-10,2021,Qualifier 1,Pakistan,New Zealand,Sher-e-Bangla National Stadium,New Zealand,field,N,New Zealand,Wickets,4.0,,Devon Conway,"Virat Kohli, Rohit Sharma, Jasprit Bumrah","Kane Williamson, Trent Boult, Devon Conway",Marais Erasmus,Kumar Dharmasena
1254101,Sydney,2021-10-08,2021,56,India,New Zealand,Sher-e-Bangla National Stadium,Sri Lanka,field,N,West Indies,Wickets,7.0,,Shimron Hetmyer,"Wanindu Hasaranga, Kusal Mendis, Pathum Nissanka","Nicholas Pooran, Jason Holder, Shimron Hetmyer",Rod Tucker,Kumar Dharmasena
1254088,Adelaide,2021-10-08,2021,55,West Indies,Australia,Adelaide Oval,Afghanistan,bat,N,Afghanistan,Runs,42.0,,Rahmanullah Gurbaz,"Rashid Khan, Rahmanullah Gurbaz, Mohammad Nabi","Pat Cummins, Steve Smith, David Warner",Rod Tucker,Marais Erasmus
1254106,Mumbai,2021-10-07,2021,54,Bangladesh,Afghanistan,Lord's Cricket Ground,Sri Lanka,field,N,Pakistan,Runs,86.0,,Mohammad Rizwan,"Wanindu Hasaranga, Kusal Mendis, Pathum Nissanka","Babar Azam, Shaheen Afridi, Mohammad Rizwan",Marais Erasmus,Aleem Dar
1254094,Manchester,2021-10-07,2021,53,West Indies,New Zealand,Old Trafford Cricket Ground,Bangladesh,field,N,Bangladesh,Wickets,6.0,,Mustafizur Rahman,"Shakib Al Hasan, Tamim Iqbal, Mustafizur Rahman","Kane Williamson, Trent Boult, Devon Conway",Richard Kettleborough,Rod Tucker
1254095,Mumbai,2021-10-06,2021,52,India,New Zealand,Sher-e-Bangla National Stadium,South Africa,field,N,South Africa,Runs,4.0,,Aiden Markram,"Quinton de Kock, Kagiso Rabada, Aiden Markram","Virat Kohli, Rohit Sharma, Jasprit Bumrah",Chris Gaffaney,Rod Tucker
1254093,Melbourne,2021-10-05,2021,51,Australia,Sri Lanka,Old Trafford Cricket Ground,Afghanistan,field,N,India,Wickets,8.0,,Jasprit Bumrah,"Rashid Khan, Rahmanullah Gurbaz, Mohammad Nabi","Virat Kohli, Rohit Sharma, Jasprit Bumrah",Kumar Dharmasena,Nitin Menon
1254110,Kolkata,2021-10-04,2021,50,West Indies,Afghanistan,Eden Gardens,India,field,N,Afghanistan,Wickets,3.0,,Rashid Khan,"Rashid Khan, Rahmanullah Gurbaz, Mohammad Nabi","Virat Kohli, Rohit Sharma, Jasprit Bumrah",Marais Erasmus,Rod Tucker
1254090,Melbourne,2021-10-03,2021,48,Afghanistan,Pakistan,Wankhede Stadium,India,bat,N,Bangladesh,Runs,6.0,,Shakib Al Hasan,"Shakib Al Hasan, Tamim Iqbal, Mustafizur Rahman","Virat Kohli, Rohit Sharma, Jasprit Bumrah",Nitin Menon,Paul Reiffel
1254109,Manchester,2021-10-03,2021,49,India,West Indies,Narendra Modi Stadium,West Indies,bat,N,West Indies,Wickets,6.0,,Jason Holder,"Babar Azam, Shaheen Afridi, Mohammad Rizwan","Nicholas Pooran, Jason Holder, Shimron Hetmyer",Marais Erasmus,Chris Gaffaney
1254112,Ahmedabad,2021-10-02,2021,46,New Zealand,Australia,Old Trafford Cricket Ground,South Africa,field,N,South Africa,Wickets,4.0,,Quinton de Kock,"Pat Cummins, Steve Smith, David Warner","Quinton de Kock, Kagiso Rabada, Aiden Markram",Rod Tucker,Aleem Dar
1254089,Sydney,2021-10-02,2021,47,Pakistan,Australia,The Oval,South Africa,field,N,England,Wickets,7.0,,Joe Root,"Quinton de Kock, Kagiso Rabada, Aiden Markram","Joe Root, Ben Stokes, Jos Buttler",Rod Tucker,Nitin Menon
1254102,Manchester,2021-10-01,2021,45,Bangladesh,Pakistan,Melbourne Cricket Ground,England,field,N,South Africa,Wickets,5.0,,Aiden Markram,"Joe Root, Ben Stokes, Jos Buttler","Quinton de Kock, Kagiso Rabada, Aiden Markram",Richard Kettleborough,Chris Gaffaney
1254091,Lahore,2021-09-30,2021,44,England,India,Adelaide Oval,Bangladesh,field,N,Sri Lanka,Wickets,6.0,,Kusal Mendis,"Shakib Al Hasan, Tamim Iqbal, Mustafizur Rahman","Wanindu Hasaranga, Kusal Mendis, Pathum Nissanka",Richard Kettleborough,Marais Erasmus
1254103,Dhaka,2021-09-29,2021,43,England,Sri Lanka,Wankhede Stadium,West Indies,field,N,West Indies,Wickets,7.0,,Shimron Hetmyer,"Nicholas Pooran, Jason Holder, Shimron Hetmyer","Joe Root, Ben Stokes, Jos Buttler",Richard Kettleborough,Aleem Dar
1254099,Dhaka,2021-09-28,2021,42,England,New Zealand,Melbourne Cricket Ground,Afghanistan,field,N,Sri Lanka,Wickets,6.0,,Pathum Nissanka,"Wanindu Hasaranga, Kusal Mendis, Pathum Nissanka","Rashid Khan, Rahmanullah Gurbaz, Mohammad Nabi",Richard Kettleborough,Paul Reiffel
1254092,Manchester,2021-09-28,2021,41,Pakistan,South Africa,Narendra Modi Stadium,Bangladesh,field,N,Bangladesh,Wickets,3.0,,Tamim Iqbal,"Shakib Al Hasan, Tamim Iqbal, Mustafizur Rahman","Kane Williamson, Trent Boult, Devon Conway",Rod Tucker,Richard Kettleborough
1254100,Manchester,2021-09-27,2021,40,West Indies,England,Eden Gardens,Bangladesh,bat,N,England,Wickets,7.0,,Jos Buttler,"Joe Root, Ben Stokes, Jos Buttler","Shakib Al Hasan, Tamim Iqbal, Mustafizur Rahman",Rod Tucker,Marais Erasmus
1254098,Manchester,2021-09-26,2021,38,West Indies,Pakistan,Wankhede Stadium,West Indies,bat,N,West Indies,Wickets,2.0,,Jason Holder,"Nicholas Pooran, Jason Holder, Shimron Hetmyer","Babar Azam, Shaheen Afridi, Mohammad Rizwan",Aleem Dar,Kumar Dharmasena
1254108,Adelaide,2021-09-26,2021,39,New Zealand,West Indies,Gaddafi Stadium,England,field,N,England,Runs,54.0,,Jos Buttler,"Joe Root, Ben Stokes, Jos Buttler","Quinton de Kock, Kagiso Rabada, Aiden Markram",Rod Tucker,Aleem Dar
1254097,Manchester,2021-09-25,2021,36,Pakistan,South Africa,Gaddafi Stadium,India,field,N,West Indies,Runs,33.0,,Shimron Hetmyer,"Nicholas Pooran, Jason Holder, Shimron Hetmyer","Virat Kohli, Rohit Sharma, Jasprit Bumrah",Aleem Dar,Paul Reiffel
1254107,Kolkata,2021-09-25,2021,37,India,Bangladesh,Wankhede Stadium,England,field,N,Afghanistan,Runs,5.0,,Mohammad Nabi,"Rashid Khan, Rahmanullah Gurbaz, Mohammad Nabi","Joe Root, Ben Stokes, Jos Buttler",Aleem Dar,Chris Gaffaney
1254113,Dhaka,2021-09-24,2021,35,England,Australia,Adelaide Oval,Sri Lanka,field,N,Sri Lanka,Wickets,6.0,,Pathum Nissanka,"Rashid Khan, Rahmanullah Gurbaz, Mohammad Nabi","Wanindu Hasaranga, Kusal Mendis, Pathum Nissanka",Kumar Dharmasena,Chris Gaffaney
1254096,Dhaka,2021-09-23,2021,34,West Indies,Sri Lanka,Lord's Cricket Ground,South Africa,field,N,South Africa,Wickets,7.0,,Quinton de Kock,"Joe Root, Ben Stokes, Jos Buttler","Quinton de Kock, Kagiso Rabada, Aiden Markram",Paul Reiffel,Rod Tucker
1254105,Manchester,2021-09-22,2021,33,Australia,India,Narendra Modi Stadium,Afghanistan,bat,N,Afghanistan,Wickets,8.0,,Rashid Khan,"Rashid Khan, Rahmanullah Gurbaz, Mohammad Nabi","Shakib Al Hasan, Tamim Iqbal, Mustafizur Rahman",Aleem Dar,Richard Kettleborough
1254111,Melbourne,2021-09-21,2021,32,England,Australia,Old Trafford Cricket Ground,Australia,field,N,West Indies,Runs,2.0,,Jason Holder,"Pat Cummins, Steve Smith, David Warner","Nicholas Pooran, Jason Holder, Shimron Hetmyer",Chris Gaffaney,Nitin Menon
1254087,Mumbai,2021-09-20,2021,31,Afghanistan,West Indies,Wankhede Stadium,Afghanistan,bat,N,Afghanistan,Wickets,9.0,,Mohammad Nabi,"Rashid Khan, Rahmanullah Gurbaz, Mohammad Nabi","Virat Kohli, Rohit Sharma, Jasprit Bumrah",Richard Kettleborough,Chris Gaffaney
1254104,Sydney,2021-09-19,2021,30,New Zealand,Bangladesh,Narendra Modi Stadium,Australia,bat,N,Pakistan,Runs,20.0,,Babar Azam,"Pat Cummins, Steve Smith, David Warner","Babar Azam, Shaheen Afridi, Mohammad Rizwan",Nitin Menon,Rod Tucker
1254086,Kolkata,2021-05-02,2021,29,Australia,West Indies,Wankhede Stadium,Bangladesh,field,N,Bangladesh,Wickets,7.0,,Tamim Iqbal,"Shakib Al Hasan, Tamim Iqbal, Mustafizur Rahman","Nicholas Pooran, Jason Holder, Shimron Hetmyer",Aleem Dar,Kumar Dharmasena
1254085,Mumbai,2021-05-02,2021,28,England,West Indies,Narendra Modi Stadium,New Zealand,field,N,New Zealand,Runs,55.0,,Devon Conway,"Pat Cummins, Steve Smith, David Warner","Kane Williamson, Trent Boult, Devon Conway",Marais Erasmus,Paul Reiffel
1254084,Melbourne,2021-05-01,2021,27,West Indies,Sri Lanka,Lord's Cricket Ground,India,field,N,Afghanistan,Wickets,4.0,,Rahmanullah Gurbaz,"Rashid Khan, Rahmanullah Gurbaz, Mohammad Nabi","Virat Kohli, Rohit Sharma, Jasprit Bumrah",Nitin Menon,Paul Reiffel
1254083,Ahmedabad,2021-04-30,2021,26,Australia,Bangladesh,Gaddafi Stadium,Sri Lanka,field,N,Sri Lanka,Runs,34.0,,Kusal Mendis,"Wanindu Hasaranga, Kusal Mendis, Pathum Nissanka","Babar Azam, Shaheen Afridi, Mohammad Rizwan",Rod Tucker,Nitin Menon
1254082,Adelaide,2021-04-29,2021,25,Australia,South Africa,Old Trafford Cricket Ground,Bangladesh,field,N,Bangladesh,Wickets,7.0,,Mustafizur Rahman,"Quinton de Kock, Kagiso Rabada, Aiden Markram","Shakib Al Hasan, Tamim Iqbal, Mustafizur Rahman",Nitin Menon,Kumar Dharmasena
1254081,Adelaide,2021-04-29,2021,24,Pakistan,Sri Lanka,Melbourne Cricket Ground,Sri Lanka,field,N,Sri Lanka,Wickets,7.0,,Pathum Nissanka,"Kane Williamson, Trent Boult, Devon Conway","Wanindu Hasaranga, Kusal Mendis, Pathum Nissanka",Marais Erasmus,Paul Reiffel
1254080,Lahore,2021-04-28,2021,23,Bangladesh,Pakistan,The Oval,Afghanistan,bat,N,New Zealand,Wickets,7.0,,Kane Williamson,"Rashid Khan, Rahmanullah Gurbaz, Mohammad Nabi","Kane Williamson, Trent Boult, Devon Conway",Chris Gaffaney,Marais Erasmus
1254079,Melbourne,2021-04-27,2021,22,Pakistan,Bangladesh,Gaddafi Stadium,New Zealand,field,N,India,Runs,1.0,,Virat Kohli,"Kane Williamson, Trent Boult, Devon Conway","Virat Kohli, Rohit Sharma, Jasprit Bumrah",Kumar Dharmasena,Nitin Menon
1254078,Lahore,2021-04-26,2021,21,South Africa,Pakistan,Old Trafford Cricket Ground,England,field,N,Afghanistan,Wickets,5.0,,Rahmanullah Gurbaz,"Joe Root, Ben Stokes, Jos Buttler","Rashid Khan, Rahmanullah Gurbaz, Mohammad Nabi",Chris Gaffaney,Richard Kettleborough
1254077,Mumbai,2021-04-25,2021,20,West Indies,New Zealand,Gaddafi Stadium,Bangladesh,bat,Y,Australia,SuperOver,,,Pat Cummins,"Pat Cummins, Steve Smith, David Warner","Shakib Al Hasan, Tamim Iqbal, Mustafizur Rahman",Marais Erasmus,Chris Gaffaney
1254076,Manchester,2021-04-25,2021,19,Sri Lanka,Australia,Sher-e-Bangla National Stadium,England,bat,N,India,Runs,69.0,,Jasprit Bumrah,"Virat Kohli, Rohit Sharma, Jasprit Bumrah","Joe Root, Ben Stokes, Jos Buttler",Chris Gaffaney,Kumar Dharmasena
1254075,Mumbai,2021-04-24,2021,18,New Zealand,Pakistan,Narendra Modi Stadium,Pakistan,field,N,Pakistan,Wickets,6.0,,Shaheen Afridi,"Kane Williamson, Trent Boult, Devon Conway","Babar Azam, Shaheen Afridi, Mohammad Rizwan",Paul Reiffel,Nitin Menon
1254074,Manchester,2021-04-23,2021,17,Bangladesh,West Indies,Melbourne Cricket Ground,England,field,N,England,Wickets,9.0,,Ben Stokes,"Joe Root, Ben Stokes, Jos Buttler","Shakib Al Hasan, Tamim Iqbal, Mustafizur Rahman",Nitin Menon,Aleem Dar
1254073,Kolkata,2021-04-22,2021,16,England,Pakistan,Eden Gardens,South Africa,field,N,South Africa,Wickets,10.0,,Kagiso Rabada,"Quinton de Kock, Kagiso Rabada, Aiden Markram","Babar Azam, Shaheen Afridi, Mohammad Rizwan",Richard Kettleborough,Chris Gaffaney
1254072,Lahore,2021-04-21,2021,15,Pakistan,England,Narendra Modi Stadium,Pakistan,field,N,England,Runs,18.0,,Ben Stokes,"Joe Root, Ben Stokes, Jos Buttler","Babar Azam, Shaheen Afridi, Mohammad Rizwan",Chris Gaffaney,Rod Tucker
1254071,Sydney,2021-04-21,2021,14,Australia,India,Narendra Modi Stadium,Australia,bat,N,Australia,Wickets,9.0,,David Warner,"Rashid Khan, Rahmanullah Gurbaz, Mohammad Nabi","Pat Cummins, Steve Smith, David Warner",Marais Erasmus,Nitin Menon
1254070,Melbourne,2021-04-20,2021,13,England,India,Old Trafford Cricket Ground,New Zealand,bat,N,New Zealand,Wickets,6.0,,Kane Williamson,"Kane Williamson, Trent Boult, Devon Conway","Joe Root, Ben Stokes, Jos Buttler",Rod Tucker,Nitin Menon
1254069,Ahmedabad,2021-04-19,2021,12,Bangladesh,Afghanistan,Adelaide Oval,Afghanistan,field,N,Afghanistan,Runs,45.0,,Rahmanullah Gurbaz,"Nicholas Pooran, Jason Holder, Shimron Hetmyer","Rashid Khan, Rahmanullah Gurbaz, Mohammad Nabi",Paul Reiffel,Chris Gaffaney
1254068,Mumbai,2021-04-18,2021,11,England,New Zealand,Narendra Modi Stadium,Australia,field,N,South Africa,Wickets,6.0,,Kagiso Rabada,"Quinton de Kock, Kagiso Rabada, Aiden Markram","Pat Cummins, Steve Smith, David Warner",Richard Kettleborough,Nitin Menon
1254067,Sydney,2021-04-18,2021,10,Afghanistan,Australia,Lord's Cricket Ground,Afghanistan,bat,N,Australia,Runs,38.0,,Pat Cummins,"Pat Cummins, Steve Smith, David Warner","Rashid Khan, Rahmanullah Gurbaz, Mohammad Nabi",Nitin Menon,Chris Gaffaney
1254066,Dhaka,2021-04-17,2021,9,India,Pakistan,Melbourne Cricket Ground,West Indies,bat,N,Australia,Runs,13.0,,David Warner,"Pat Cummins, Steve Smith, David Warner","Nicholas Pooran, Jason Holder, Shimron Hetmyer",Kumar Dharmasena,Nitin Menon
1254065,Dhaka,2021-04-16,2021,8,Australia,England,Eden Gardens,South Africa,field,N,South Africa,Wickets,6.0,,Quinton de Kock,"Shakib Al Hasan, Tamim Iqbal, Mustafizur Rahman","Quinton de Kock, Kagiso Rabada, Aiden Markram",Chris Gaffaney,Rod Tucker
1254064,London,2021-04-15,2021,7,South Africa,Afghanistan,Wankhede Stadium,India,field,N,West Indies,Wickets,3.0,,Nicholas Pooran,"Virat Kohli, Rohit Sharma, Jasprit Bumrah","Nicholas Pooran, Jason Holder, Shimron Hetmyer",Aleem Dar,Marais Erasmus
1254063,Mumbai,2021-04-14,2021,6,Australia,Afghanistan,Old Trafford Cricket Ground,South Africa,field,N,Pakistan,Runs,6.0,,Mohammad Rizwan,"Quinton de Kock, Kagiso Rabada, Aiden Markram","Babar Azam, Shaheen Afridi, Mohammad Rizwan",Aleem Dar,Rod Tucker
1254062,Lahore,2021-04-13,2021,5,West Indies,England,Wankhede Stadium,West Indies,field,N,Pakistan,Runs,10.0,,Shaheen Afridi,"Babar Azam, Shaheen Afridi, Mohammad Rizwan","Nicholas Pooran, Jason Holder, Shimron Hetmyer",Marais Erasmus,Richard Kettleborough
1254061,Manchester,2021-04-12,2021,4,Pakistan,New Zealand,Lord's Cricket Ground,West Indies,field,N,England,Runs,4.0,,Ben Stokes,"Nicholas Pooran, Jason Holder, Shimron Hetmyer","Joe Root, Ben Stokes, Jos Buttler",Rod Tucker,Aleem Dar
1254060,Dhaka,2021-04-11,2021,3,England,Bangladesh,Melbourne Cricket Ground,Pakistan,field,N,Pakistan,Runs,10.0,,Mohammad Rizwan,"Babar Azam, Shaheen Afridi, Mohammad Rizwan","Virat Kohli, Rohit Sharma, Jasprit Bumrah",Rod Tucker,Kumar Dharmasena
1254059,Mumbai,2021-04-10,2021,2,West Indies,Afghanistan,Melbourne Cricket Ground,India,field,N,India,Wickets,7.0,,Jasprit Bumrah,"Virat Kohli, Rohit Sharma, Jasprit Bumrah","Shakib Al Hasan, Tamim Iqbal, Mustafizur Rahman",Paul Reiffel,Aleem Dar
1254058,Adelaide,2021-04-09,2021,1,Bangladesh,West Indies,Adelaide Oval,West Indies,field,N,Sri Lanka,Wickets,2.0,,Pathum Nissanka,"Wanindu Hasaranga, Kusal Mendis, Pathum Nissanka","Nicholas Pooran, Jason Holder, Shimron Hetmyer",Kumar Dharmasena,Rod Tucker
1237181,Adelaide,2020-11-10,2020/21,Final,England,West Indies,Wankhede Stadium,Pakistan,bat,N,Pakistan,Wickets,5.0,,Shaheen Afridi,"Pat Cummins, Steve Smith, David Warner","Babar Azam, Shaheen Afridi, Mohammad Rizwan",Chris Gaffaney,Kumar Dharmasena
1237180,Adelaide,2020-11-08,2020/21,Qualifier 2,Pakistan,India,The Oval,New Zealand,bat,N,New Zealand,Runs,17.0,,Devon Conway,"Kane Williamson, Trent Boult, Devon Conway","Wanindu Hasaranga, Kusal Mendis, Pathum Nissanka",Nitin Menon,Kumar Dharmasena
1237178,Manchester,2020-11-06,2020/21,Eliminator,India,England,Wankhede Stadium,England,field,N,New Zealand,Wickets,6.0,,Trent Boult,"Kane Williamson, Trent Boult, Devon Conway","Joe Root, Ben Stokes, Jos Buttler",Paul Reiffel,Nitin Menon
1237177,Sydney,2020-11-05,2020/21,Qualifier 1,New Zealand,England,Adelaide Oval,Bangladesh,field,N,South Africa,Runs,57.0,,Quinton de Kock,"Shakib Al Hasan, Tamim Iqbal, Mustafizur Rahman","Quinton de Kock, Kagiso Rabada, Aiden Markram",Paul Reiffel,Chris Gaffaney
1216495,Manchester,2020-11-03,2020/21,56,England,West Indies,Melbourne Cricket Ground,India,field,N,Pakistan,Wickets,10.0,,Mohammad Rizwan,"Babar Azam, Shaheen Afridi, Mohammad Rizwan","Virat Kohli, Rohit Sharma, Jasprit Bumrah",Chris Gaffaney,Kumar Dharmasena
1216505,Sydney,2020-11-02,2020/21,55,Australia,Afghanistan,Narendra Modi Stadium,Sri Lanka,field,N,Sri Lanka,Wickets,6.0,,Kusal Mendis,"Kane Williamson, Trent Boult, Devon Conway","Wanindu Hasaranga, Kusal Mendis, Pathum Nissanka",Marais Erasmus,Nitin Menon
1216530,Ahmedabad,2020-11-01,2020/21,54,Australia,England,Sher-e-Bangla National Stadium,Pakistan,field,N,Pakistan,Runs,60.0,,Mohammad Rizwan,"Babar Azam, Shaheen Afridi, Mohammad Rizwan","Joe Root, Ben Stokes, Jos Buttler",Aleem Dar,Rod Tucker
1216506,Melbourne,2020-11-01,2020/21,53,Pakistan,Afghanistan,Sher-e-Bangla National Stadium,New Zealand,field,N,New Zealand,Wickets,9.0,,Trent Boult,"Babar Azam, Shaheen Afridi, Mohammad Rizwan","Kane Williamson, Trent Boult, Devon Conway",Kumar Dharmasena,Richard Kettleborough
1216535,London,2020-10-31,2020/21,51,South Africa,England,Wankhede Stadium,Afghanistan,field,N,Afghanistan,Wickets,9.0,,Rashid Khan,"Rashid Khan, Rahmanullah Gurbaz, Mohammad Nabi","Shakib Al Hasan, Tamim Iqbal, Mustafizur Rahman",Paul Reiffel,Nitin Menon
1216502,Sydney,2020-10-31,2020/21,52,Pakistan,Bangladesh,The Oval,India,field,N,India,Wickets,5.0,,Jasprit Bumrah,"Quinton de Kock, Kagiso Rabada, Aiden Markram","Virat Kohli, Rohit Sharma, Jasprit Bumrah",Aleem Dar,Marais Erasmus
1216537,Kolkata,2020-10-30,2020/21,50,Australia,West Indies,Old Trafford Cricket Ground,India,field,N,India,Wickets,7.0,,Jasprit Bumrah,"Joe Root, Ben Stokes, Jos Buttler","Virat Kohli, Rohit Sharma, Jasprit Bumrah",Richard Kettleborough,Chris Gaffaney
1216536,Ahmedabad,2020-10-29,2020/21,49,Australia,India,Gaddafi Stadium,India,field,N,Pakistan,Wickets,6.0,,Mohammad Rizwan,"Virat Kohli, Rohit Sharma, Jasprit Bumrah","Babar Azam, Shaheen Afridi, Mohammad Rizwan",Paul Reiffel,Kumar Dharmasena
1216499,Kolkata,2020-10-28,2020/21,48,Bangladesh,West Indies,Lord's Cricket Ground,South Africa,field,N,Afghanistan,Wickets,5.0,,Mohammad Nabi,"Rashid Khan, Rahmanullah Gurbaz, Mohammad Nabi","Quinton de Kock, Kagiso Rabada, Aiden Markram",Nitin Menon,Kumar Dharmasena
1216524,Kolkata,2020-10-27,2020/21,47,Afghanistan,Bangladesh,Narendra Modi Stadium,South Africa,field,N,West Indies,Runs,88.0,,Nicholas Pooran,"Quinton de Kock, Kagiso Rabada, Aiden Markram","Nicholas Pooran, Jason Holder, Shimron Hetmyer",Nitin Menon,Marais Erasmus
1216520,Melbourne,2020-10-26,2020/21,46,New Zealand,Sri Lanka,The Oval,Sri Lanka,field,N,Sri Lanka,Wickets,8.0,,Pathum Nissanka,"Wanindu Hasaranga, Kusal Mendis, Pathum Nissanka","Rashid Khan, Rahmanullah Gurbaz, Mohammad Nabi",Paul Reiffel,Kumar Dharmasena
1216541,Ahmedabad,2020-10-25,2020/21,45,England,India,Adelaide Oval,England,bat,N,Pakistan,Wickets,8.0,,Babar Azam,"Joe Root, Ben Stokes, Jos Buttler","Babar Azam, Shaheen Afridi, Mohammad Rizwan",Paul Reiffel,Kumar Dharmasena
1216544,London,2020-10-25,2020/21,44,Australia,England,Narendra Modi Stadium,Afghanistan,bat,N,Afghanistan,Wickets,8.0,,Rashid Khan,"Virat Kohli, Rohit Sharma, Jasprit Bumrah","Rashid Khan, Rahmanullah Gurbaz, Mohammad Nabi",Rod Tucker,Paul Reiffel
1216498,Dhaka,2020-10-24,2020/21,43,New Zealand,South Africa,Lord's Cricket Ground,New Zealand,field,N,New Zealand,Runs,12.0,,Trent Boult,"Wanindu Hasaranga, Kusal Mendis, Pathum Nissanka","Kane Williamson, Trent Boult, Devon Conway",Aleem Dar,Marais Erasmus
1216497,London,2020-10-24,2020/21,42,England,India,Lord's Cricket Ground,West Indies,field,N,Australia,Runs,59.0,,David Warner,"Pat Cummins, Steve Smith, David Warner","Nicholas Pooran, Jason Holder, Shimron Hetmyer",Marais Erasmus,Aleem Dar
1216521,Dhaka,2020-10-23,2020/21,41,Sri Lanka,New Zealand,Gaddafi Stadium,Australia,field,N,Australia,Wickets,10.0,,Pat Cummins,"Wanindu Hasaranga, Kusal Mendis, Pathum Nissanka","Pat Cummins, Steve Smith, David Warner",Kumar Dharmasena,Rod Tucker
1216518,Sydney,2020-10-22,2020/21,40,Pakistan,Sri Lanka,Old Trafford Cricket Ground,Sri Lanka,field,N,Sri Lanka,Wickets,8.0,,Wanindu Hasaranga,"Wanindu Hasaranga, Kusal Mendis, Pathum Nissanka","Joe Root, Ben Stokes, Jos Buttler",Paul Reiffel,Rod Tucker
1216494,Mumbai,2020-10-21,2020/21,39,Bangladesh,South Africa,Lord's Cricket Ground,South Africa,bat,N,Afghanistan,Wickets,8.0,,Rashid Khan,"Rashid Khan, Rahmanullah Gurbaz, Mohammad Nabi","Quinton de Kock, Kagiso Rabada, Aiden Markram",Kumar Dharmasena,Richard Kettleborough
1216546,Ahmedabad,2020-10-20,2020/21,38,India,Sri Lanka,Narendra Modi Stadium,Pakistan,bat,N,Pakistan,Wickets,5.0,,Shaheen Afridi,"Kane Williamson, Trent Boult, Devon Conway","Babar Azam, Shaheen Afridi, Mohammad Rizwan",Nitin Menon,Kumar Dharmasena
1216533,London,2020-10-19,2020/21,37,India,England,Adelaide Oval,Australia,bat,N,Australia,Wickets,7.0,,Pat Cummins,"Virat Kohli, Rohit Sharma, Jasprit Bumrah","Pat Cummins, Steve Smith, David Warner",Aleem Dar,Nitin Menon
1216512,Lahore,2020-10-18,2020/21,35,West Indies,England,Gaddafi Stadium,Afghanistan,field,Y,Afghanistan,SuperOver,,,Rashid Khan,"Rashid Khan, Rahmanullah Gurbaz, Mohammad Nabi","Shakib Al Hasan, Tamim Iqbal, Mustafizur Rahman",Rod Tucker,Aleem Dar
1216517,Sydney,2020-10-18,2020/21,36,Sri Lanka,India,Adelaide Oval,India,bat,Y,India,SuperOver,,,Jasprit Bumrah,"Virat Kohli, Rohit Sharma, Jasprit Bumrah","Quinton de Kock, Kagiso Rabada, Aiden Markram",Rod Tucker,Marais Erasmus
1216522,Sydney,2020-10-17,2020/21,33,South Africa,Bangladesh,Old Trafford Cricket Ground,South Africa,bat,N,South Africa,Wickets,7.0,,Quinton de Kock,"Quinton de Kock, Kagiso Rabada, Aiden Markram","Virat Kohli, Rohit Sharma, Jasprit Bumrah",Richard Kettleborough,Marais Erasmus
1216509,Lahore,2020-10-17,2020/21,34,Sri Lanka,India,Old Trafford Cricket Ground,India,bat,N,India,Wickets,5.0,,Rohit Sharma,"Kane Williamson, Trent Boult, Devon Conway","Virat Kohli, Rohit Sharma, Jasprit Bumrah",Marais Erasmus,Paul Reiffel
1216526,Lahore,2020-10-16,2020/21,32,Sri Lanka,New Zealand,Old Trafford Cricket Ground,Afghanistan,bat,N,India,Wickets,8.0,,Rohit Sharma,"Rashid Khan, Rahmanullah Gurbaz, Mohammad Nabi","Virat Kohli, Rohit Sharma, Jasprit Bumrah",Nitin Menon,Chris Gaffaney
1216531,Sydney,2020-10-15,2020/21,31,India,West Indies,Sher-e-Bangla National Stadium,Australia,bat,N,Australia,Wickets,8.0,,Steve Smith,"Quinton de Kock, Kagiso Rabada, Aiden Markram","Pat Cummins, Steve Smith, David Warner",Kumar Dharmasena,Richard Kettleborough
1216543,Ahmedabad,2020-10-14,2020/21,30,South Africa,Bangladesh,Old Trafford Cricket Ground,Bangladesh,bat,N,England,Runs,13.0,,Ben Stokes,"Joe Root, Ben Stokes, Jos Buttler","Shakib Al Hasan, Tamim Iqbal, Mustafizur Rahman",Rod Tucker,Marais Erasmus
1216528,Manchester,2020-10-13,2020/21,29,Pakistan,Australia,Narendra Modi Stadium,South Africa,bat,N,New Zealand,Runs,20.0,,Kane Williamson,"Quinton de Kock, Kagiso Rabada, Aiden Markram","Kane Williamson, Trent Boult, Devon Conway",Kumar Dharmasena,Aleem Dar
1216540,Manchester,2020-10-12,2020/21,28,Pakistan,England,Narendra Modi Stadium,Afghanistan,bat,N,Bangladesh,Runs,82.0,,Mustafizur Rahman,"Shakib Al Hasan, Tamim Iqbal, Mustafizur Rahman","Rashid Khan, Rahmanullah Gurbaz, Mohammad Nabi",Rod Tucker,Aleem Dar
1216507,Ahmedabad,2020-10-11,2020/21,26,Pakistan,India,Eden Gardens,India,bat,N,India,Wickets,5.0,,Rohit Sharma,"Virat Kohli, Rohit Sharma, Jasprit Bumrah","Wanindu Hasaranga, Kusal Mendis, Pathum Nissanka",Aleem Dar,Marais Erasmus
1216529,Lahore,2020-10-11,2020/21,27,India,West Indies,Eden Gardens,New Zealand,bat,N,New Zealand,Wickets,5.0,,Devon Conway,"Kane Williamson, Trent Boult, Devon Conway","Pat Cummins, Steve Smith, David Warner",Nitin Menon,Kumar Dharmasena
1216523,London,2020-10-10,2020/21,24,Bangladesh,Afghanistan,Old Trafford Cricket Ground,India,bat,N,Pakistan,Runs,2.0,,Babar Azam,"Virat Kohli, Rohit Sharma, Jasprit Bumrah","Babar Azam, Shaheen Afridi, Mohammad Rizwan",Kumar Dharmasena,Paul Reiffel
1216525,London,2020-10-10,2020/21,25,West Indies,New Zealand,Gaddafi Stadium,Pakistan,bat,N,South Africa,Runs,37.0,,Kagiso Rabada,"Babar Azam, Shaheen Afridi, Mohammad Rizwan","Quinton de Kock, Kagiso Rabada, Aiden Markram",Marais Erasmus,Aleem Dar
1216500,Kolkata,2020-10-09,2020/21,23,India,England,Melbourne Cricket Ground,Sri Lanka,field,N,Sri Lanka,Runs,46.0,,Kusal Mendis,"Joe Root, Ben Stokes, Jos Buttler","Wanindu Hasaranga, Kusal Mendis, Pathum Nissanka",Aleem Dar,Marais Erasmus
1216542,Dhaka,2020-10-08,2020/21,22,Australia,England,Eden Gardens,New Zealand,bat,N,Pakistan,Runs,69.0,,Mohammad Rizwan,"Kane Williamson, Trent Boult, Devon Conway","Babar Azam, Shaheen Afridi, Mohammad Rizwan",Chris Gaffaney,Nitin Menon
1216501,Manchester,2020-10-07,2020/21,21,Australia,England,Melbourne Cricket Ground,Australia,bat,N,Australia,Runs,10.0,,David Warner,"Pat Cummins, Steve Smith, David Warner","Virat Kohli, Rohit Sharma, Jasprit Bumrah",Marais Erasmus,Aleem Dar
1216511,Ahmedabad,2020-10-06,2020/21,20,South Africa,Sri Lanka,Gaddafi Stadium,West Indies,bat,N,West Indies,Runs,57.0,,Shimron Hetmyer,"Joe Root, Ben Stokes, Jos Buttler","Nicholas Pooran, Jason Holder, Shimron Hetmyer",Richard Kettleborough,Rod Tucker
1216519,Kolkata,2020-10-05,2020/21,19,Pakistan,Afghanistan,Wankhede Stadium,South Africa,field,N,India,Runs,59.0,,Jasprit Bumrah,"Quinton de Kock, Kagiso Rabada, Aiden Markram","Virat Kohli, Rohit Sharma, Jasprit Bumrah",Marais Erasmus,Richard Kettleborough
1216513,London,2020-10-04,2020/21,18,South Africa,Australia,Gaddafi Stadium,Sri Lanka,bat,N,Sri Lanka,Wickets,10.0,,Wanindu Hasaranga,"Wanindu Hasaranga, Kusal Mendis, Pathum Nissanka","Quinton de Kock, Kagiso Rabada, Aiden Markram",Aleem Dar,Marais Erasmus
1216538,Manchester,2020-10-04,2020/21,17,New Zealand,India,Adelaide Oval,England,bat,N,West Indies,Runs,34.0,,Jason Holder,"Nicholas Pooran, Jason Holder, Shimron Hetmyer","Joe Root, Ben Stokes, Jos Buttler",Richard Kettleborough,Aleem Dar
1216514,Kolkata,2020-10-03,2020/21,15,Afghanistan,Pakistan,Adelaide Oval,Afghanistan,bat,N,Afghanistan,Wickets,8.0,,Rahmanullah Gurbaz,"Pat Cummins, Steve Smith, David Warner","Rashid Khan, Rahmanullah Gurbaz, Mohammad Nabi",Rod Tucker,Chris Gaffaney
1216515,Melbourne,2020-10-03,2020/21,16,West Indies,India,Gaddafi Stadium,South Africa,field,N,South Africa,Runs,18.0,,Aiden Markram,"Quinton de Kock, Kagiso Rabada, Aiden Markram","Babar Azam, Shaheen Afridi, Mohammad Rizwan",Marais Erasmus,Aleem Dar
1216516,Adelaide,2020-10-02,2020/21,14,Pakistan,India,Adelaide Oval,Australia,bat,N,India,Runs,7.0,,Virat Kohli,"Pat Cummins, Steve Smith, David Warner","Virat Kohli, Rohit Sharma, Jasprit Bumrah",Rod Tucker,Chris Gaffaney
1216503,Mumbai,2020-10-01,2020/21,13,Pakistan,England,Lord's Cricket Ground,Bangladesh,field,N,Bangladesh,Runs,48.0,,Tamim Iqbal,"Kane Williamson, Trent Boult, Devon Conway","Shakib Al Hasan, Tamim Iqbal, Mustafizur Rahman",Paul Reiffel,Nitin Menon
1216504,Ahmedabad,2020-09-30,2020/21,12,New Zealand,Sri Lanka,Eden Gardens,England,field,N,England,Runs,37.0,,Joe Root,"Joe Root, Ben Stokes, Jos Buttler","Rashid Khan, Rahmanullah Gurbaz, Mohammad Nabi",Nitin Menon,Richard Kettleborough
1216532,Sydney,2020-09-29,2020/21,11,Australia,England,Sher-e-Bangla National Stadium,South Africa,field,N,Bangladesh,Runs,15.0,,Shakib Al Hasan,"Quinton de Kock, Kagiso Rabada, Aiden Markram","Shakib Al Hasan, Tamim Iqbal, Mustafizur Rahman",Marais Erasmus,Richard Kettleborough
1216547,Manchester,2020-09-28,2020/21,10,Bangladesh,Australia,Adelaide Oval,Afghanistan,field,Y,West Indies,SuperOver,,,Jason Holder,"Rashid Khan, Rahmanullah Gurbaz, Mohammad Nabi","Nicholas Pooran, Jason Holder, Shimron Hetmyer",Paul Reiffel,Nitin Menon
1216527,London,2020-09-27,2020/21,9,Afghanistan,South Africa,Sher-e-Bangla National Stadium,Sri Lanka,field,N,Sri Lanka,Wickets,4.0,,Wanindu Hasaranga,"Wanindu Hasaranga, Kusal Mendis, Pathum Nissanka","Nicholas Pooran, Jason Holder, Shimron Hetmyer",Kumar Dharmasena,Nitin Menon
1216545,Mumbai,2020-09-26,2020/21,8,Afghanistan,England,Eden Gardens,South Africa,bat,N,South Africa,Wickets,7.0,,Kagiso Rabada,"Rashid Khan, Rahmanullah Gurbaz, Mohammad Nabi","Quinton de Kock, Kagiso Rabada, Aiden Markram",Aleem Dar,Richard Kettleborough
1216539,Dhaka,2020-09-25,2020/21,7,South Africa,Australia,Gaddafi Stadium,Afghanistan,field,N,Afghanistan,Runs,44.0,,Mohammad Nabi,"Rashid Khan, Rahmanullah Gurbaz, Mohammad Nabi","Wanindu Hasaranga, Kusal Mendis, Pathum Nissanka",Chris Gaffaney,Paul Reiffel
1216510,Dhaka,2020-09-24,2020/21,6,India,Afghanistan,The Oval,South Africa,field,N,England,Runs,97.0,,Jos Buttler,"Joe Root, Ben Stokes, Jos Buttler","Quinton de Kock, Kagiso Rabada, Aiden Markram",Chris Gaffaney,Marais Erasmus
1216508,Mumbai,2020-09-23,2020/21,5,New Zealand,South Africa,Eden Gardens,Afghanistan,field,N,New Zealand,Runs,49.0,,Trent Boult,"Rashid Khan, Rahmanullah Gurbaz, Mohammad Nabi","Kane Williamson, Trent Boult, Devon Conway",Kumar Dharmasena,Paul Reiffel
1216496,Kolkata,2020-09-22,2020/21,4,England,Australia,Old Trafford Cricket Ground,England,field,N,Afghanistan,Runs,16.0,,Rahmanullah Gurbaz,"Rashid Khan, Rahmanullah Gurbaz, Mohammad Nabi","Joe Root, Ben Stokes, Jos Buttler",Aleem Dar,Marais Erasmus
1216534,Adelaide,2020-09-21,2020/21,3,Australia,Afghanistan,Narendra Modi Stadium,West Indies,field,N,India,Runs,10.0,,Rohit Sharma,"Nicholas Pooran, Jason Holder, Shimron Hetmyer","Virat Kohli, Rohit Sharma, Jasprit Bumrah",Nitin Menon,Marais Erasmus
1216493,London,2020-09-20,2020/21,2,Afghanistan,South Africa,Wankhede Stadium,Afghanistan,field,Y,Sri Lanka,SuperOver,,,Wanindu Hasaranga,"Wanindu Hasaranga, Kusal Mendis, Pathum Nissanka","Rashid Khan, Rahmanullah Gurbaz, Mohammad Nabi",Rod Tucker,Paul Reiffel
1216492,Sydney,2020-09-19,2020/21,1,South Africa,Bangladesh,Wankhede Stadium,Bangladesh,field,N,New Zealand,Wickets,5.0,,Kane Williamson,"Kane Williamson, Trent Boult, Devon Conway","Shakib Al Hasan, Tamim Iqbal, Mustafizur Rahman",Kumar Dharmasena,Richard Kettleborough
1181768,Adelaide,2019-05-12,2019,Final,India,West Indies,Adelaide Oval,Sri Lanka,bat,N,England,Runs,1.0,,Ben Stokes,"Wanindu Hasaranga, Kusal Mendis, Pathum Nissanka","Joe Root, Ben Stokes, Jos Buttler",Chris Gaffaney,Nitin Menon
1181767,Lahore,2019-05-10,2019,Qualifier,England,Pakistan,Eden Gardens,Afghanistan,field,N,Afghanistan,Wickets,6.0,,Rahmanullah Gurbaz,"Rashid Khan, Rahmanullah Gurbaz, Mohammad Nabi","Joe Root, Ben Stokes, Jos Buttler",Paul Reiffel,Nitin Menon
1181766,Melbourne,2019-05-08,2019,Eliminator,West Indies,New Zealand,Melbourne Cricket Ground,Australia,field,N,Pakistan,Wickets,2.0,,Mohammad Rizwan,"Babar Azam, Shaheen Afridi, Mohammad Rizwan","Pat Cummins, Steve Smith, David Warner",Paul Reiffel,Chris Gaffaney
1181764,Kolkata,2019-05-07,2019,Qualifier,Australia,India,Eden Gardens,Australia,bat,N,New Zealand,Wickets,6.0,,Trent Boult,"Kane Williamson, Trent Boult, Devon Conway","Pat Cummins, Steve Smith, David Warner",Rod Tucker,Kumar Dharmasena
1178430,Melbourne,2019-05-05,2019,55,Bangladesh,India,The Oval,Bangladesh,field,N,West Indies,Wickets,6.0,,Nicholas Pooran,"Nicholas Pooran, Jason Holder, Shimron Hetmyer","Shakib Al Hasan, Tamim Iqbal, Mustafizur Rahman",Paul Reiffel,Nitin Menon
1178431,Adelaide,2019-05-05,2019,56,Pakistan,Australia,Lord's Cricket Ground,Bangladesh,field,N,England,Wickets,9.0,,Ben Stokes,"Joe Root, Ben Stokes, Jos Buttler","Shakib Al Hasan, Tamim Iqbal, Mustafizur Rahman",Rod Tucker,Kumar Dharmasena
1178429,Sydney,2019-05-04,2019,54,Australia,West Indies,Gaddafi Stadium,Sri Lanka,field,N,Sri Lanka,Wickets,4.0,,Wanindu Hasaranga,"Wanindu Hasaranga, Kusal Mendis, Pathum Nissanka","Nicholas Pooran, Jason Holder, Shimron Hetmyer",Rod Tucker,Richard Kettleborough
1178428,London,2019-05-04,2019,53,Pakistan,New Zealand,Melbourne Cricket Ground,England,bat,N,England,Wickets,5.0,,Jos Buttler,"Wanindu Hasaranga, Kusal Mendis, Pathum Nissanka","Joe Root, Ben Stokes, Jos Buttler",Kumar Dharmasena,Rod Tucker
1178427,Lahore,2019-05-03,2019,52,South Africa,Sri Lanka,Lord's Cricket Ground,New Zealand,field,N,Bangladesh,Wickets,7.0,,Mustafizur Rahman,"Kane Williamson, Trent Boult, Devon Conway","Shakib Al Hasan, Tamim Iqbal, Mustafizur Rahman",Kumar Dharmasena,Richard Kettleborough
1178426,Adelaide,2019-05-02,2019,51,Australia,Pakistan,Lord's Cricket Ground,New Zealand,bat,Y,New Zealand,SuperOver,,,Devon Conway,"Shakib Al Hasan, Tamim Iqbal, Mustafizur Rahman","Kane Williamson, Trent Boult, Devon Conway",Aleem Dar,Chris Gaffaney
1178425,Mumbai,2019-05-01,2019,50,Afghanistan,Sri Lanka,Wankhede Stadium,England,field,N,South Africa,Runs,80.0,,Kagiso Rabada,"Joe Root, Ben Stokes, Jos Buttler","Quinton de Kock, Kagiso Rabada, Aiden Markram",Marais Erasmus,Rod Tucker
1178424,Mumbai,2019-04-30,2019,49,Australia,South Africa,Gaddafi Stadium,England,field,,England,NoResults,,,Jos Buttler,"Shakib Al Hasan, Tamim Iqbal, Mustafizur Rahman","Joe Root, Ben Stokes, Jos Buttler",Rod Tucker,Aleem Dar
1178423,Kolkata,2019-04-29,2019,48,Pakistan,New Zealand,The Oval,Pakistan,field,N,Pakistan,Runs,45.0,,Babar Azam,"Babar Azam, Shaheen Afridi, Mohammad Rizwan","Joe Root, Ben Stokes, Jos Buttler",Kumar Dharmasena,Paul Reiffel
1178422,Lahore,2019-04-28,2019,47,England,Afghanistan,Melbourne Cricket Ground,West Indies,field,N,England,Runs,34.0,,Ben Stokes,"Joe Root, Ben Stokes, Jos Buttler","Nicholas Pooran, Jason Holder, Shimron Hetmyer",Richard Kettleborough,Nitin Menon
1178421,Manchester,2019-04-28,2019,46,Sri Lanka,India,Narendra Modi Stadium,Afghanistan,bat,N,Afghanistan,Runs,16.0,,Mohammad Nabi,"Rashid Khan, Rahmanullah Gurbaz, Mohammad Nabi","Wanindu Hasaranga, Kusal Mendis, Pathum Nissanka",Aleem Dar,Richard Kettleborough
1178420,Kolkata,2019-04-27,2019,45,India,England,Lord's Cricket Ground,Bangladesh,field,N,India,Wickets,7.0,,Virat Kohli,"Virat Kohli, Rohit Sharma, Jasprit Bumrah","Shakib Al Hasan, Tamim Iqbal, Mustafizur Rahman",Aleem Dar,Nitin Menon
1178419,Ahmedabad,2019-04-26,2019,44,England,Bangladesh,Eden Gardens,New Zealand,field,N,New Zealand,Runs,46.0,,Devon Conway,"Joe Root, Ben Stokes, Jos Buttler","Kane Williamson, Trent Boult, Devon Conway",Marais Erasmus,Aleem Dar
1178418,Dhaka,2019-04-25,2019,43,South Africa,Pakistan,Adelaide Oval,Afghanistan,field,N,England,Wickets,3.0,,Ben Stokes,"Joe Root, Ben Stokes, Jos Buttler","Rashid Khan, Rahmanullah Gurbaz, Mohammad Nabi",Rod Tucker,Paul Reiffel
1178417,Dhaka,2019-04-24,2019,42,Sri Lanka,Pakistan,Wankhede Stadium,West Indies,field,N,West Indies,Runs,17.0,,Shimron Hetmyer,"Nicholas Pooran, Jason Holder, Shimron Hetmyer","Shakib Al Hasan, Tamim Iqbal, Mustafizur Rahman",Kumar Dharmasena,Aleem Dar
1178416,Melbourne,2019-04-23,2019,41,England,Bangladesh,Narendra Modi Stadium,India,field,N,South Africa,Wickets,6.0,,Quinton de Kock,"Quinton de Kock, Kagiso Rabada, Aiden Markram","Virat Kohli, Rohit Sharma, Jasprit Bumrah",Richard Kettleborough,Kumar Dharmasena
1178415,Lahore,2019-04-22,2019,40,India,Pakistan,The Oval,Sri Lanka,field,N,Sri Lanka,Wickets,6.0,,Pathum Nissanka,"Shakib Al Hasan, Tamim Iqbal, Mustafizur Rahman","Wanindu Hasaranga, Kusal Mendis, Pathum Nissanka",Kumar Dharmasena,Marais Erasmus
1178413,Ahmedabad,2019-04-21,2019,38,Sri Lanka,Bangladesh,Narendra Modi Stadium,South Africa,field,N,Australia,Wickets,9.0,,David Warner,"Pat Cummins, Steve Smith, David Warner","Quinton de Kock, Kagiso Rabada, Aiden Markram",Paul Reiffel,Aleem Dar
1178414,Sydney,2019-04-21,2019,39,West Indies,South Africa,Sher-e-Bangla National Stadium,Bangladesh,field,N,Sri Lanka,Runs,1.0,,Pathum Nissanka,"Shakib Al Hasan, Tamim Iqbal, Mustafizur Rahman","Wanindu Hasaranga, Kusal Mendis, Pathum Nissanka",Rod Tucker,Marais Erasmus
1178412,Kolkata,2019-04-20,2019,37,West Indies,South Africa,Melbourne Cricket Ground,India,field,N,South Africa,Wickets,5.0,,Kagiso Rabada,"Quinton de Kock, Kagiso Rabada, Aiden Markram","Virat Kohli, Rohit Sharma, Jasprit Bumrah",Paul Reiffel,Kumar Dharmasena
1178411,Adelaide,2019-04-20,2019,36,Australia,West Indies,Lord's Cricket Ground,West Indies,field,N,West Indies,Wickets,5.0,,Nicholas Pooran,"Pat Cummins, Steve Smith, David Warner","Nicholas Pooran, Jason Holder, Shimron Hetmyer",Chris Gaffaney,Paul Reiffel
1178410,Melbourne,2019-04-19,2019,35,Bangladesh,West Indies,Lord's Cricket Ground,West Indies,field,N,Afghanistan,Runs,10.0,,Mohammad Nabi,"Nicholas Pooran, Jason Holder, Shimron Hetmyer","Rashid Khan, Rahmanullah Gurbaz, Mohammad Nabi",Rod Tucker,Nitin Menon
1178409,Mumbai,2019-04-18,2019,34,Australia,Bangladesh,Sher-e-Bangla National Stadium,West Indies,bat,N,West Indies,Runs,40.0,,Jason Holder,"Nicholas Pooran, Jason Holder, Shimron Hetmyer","Joe Root, Ben Stokes, Jos Buttler",Rod Tucker,Kumar Dharmasena
1178408,Manchester,2019-04-17,2019,33,India,Afghanistan,Narendra Modi Stadium,Bangladesh,bat,N,India,Wickets,6.0,,Virat Kohli,"Virat Kohli, Rohit Sharma, Jasprit Bumrah","Shakib Al Hasan, Tamim Iqbal, Mustafizur Rahman",Paul Reiffel,Richard Kettleborough
1178407,Sydney,2019-04-16,2019,32,Australia,Pakistan,Gaddafi Stadium,India,field,N,Pakistan,Runs,12.0,,Mohammad Rizwan,"Babar Azam, Shaheen Afridi, Mohammad Rizwan","Virat Kohli, Rohit Sharma, Jasprit Bumrah",Paul Reiffel,Aleem Dar
1178406,London,2019-04-15,2019,31,England,Sri Lanka,Lord's Cricket Ground,South Africa,field,N,Bangladesh,Wickets,5.0,,Tamim Iqbal,"Quinton de Kock, Kagiso Rabada, Aiden Markram","Shakib Al Hasan, Tamim Iqbal, Mustafizur Rahman",Nitin Menon,Rod Tucker
1178404,Manchester,2019-04-14,2019,29,Bangladesh,Pakistan,Melbourne Cricket Ground,India,field,N,Afghanistan,Wickets,5.0,,Rahmanullah Gurbaz,"Rashid Khan, Rahmanullah Gurbaz, Mohammad Nabi","Virat Kohli, Rohit Sharma, Jasprit Bumrah",Chris Gaffaney,Richard Kettleborough
1178405,Lahore,2019-04-14,2019,30,Pakistan,Afghanistan,Eden Gardens,New Zealand,field,N,New Zealand,Runs,39.0,,Devon Conway,"Kane Williamson, Trent Boult, Devon Conway","Rashid Khan, Rahmanullah Gurbaz, Mohammad Nabi",Nitin Menon,Richard Kettleborough
1178402,Mumbai,2019-04-13,2019,27,Pakistan,Sri Lanka,Gaddafi Stadium,Afghanistan,field,N,Afghanistan,Wickets,4.0,,Rashid Khan,"Rashid Khan, Rahmanullah Gurbaz, Mohammad Nabi","Pat Cummins, Steve Smith, David Warner",Richard Kettleborough,Marais Erasmus
1178403,Kolkata,2019-04-13,2019,28,South Africa,New Zealand,Narendra Modi Stadium,India,field,N,India,Wickets,8.0,,Jasprit Bumrah,"Virat Kohli, Rohit Sharma, Jasprit Bumrah","Kane Williamson, Trent Boult, Devon Conway",Rod Tucker,Aleem Dar
1178401,Mumbai,2019-04-12,2019,26,Afghanistan,New Zealand,Melbourne Cricket Ground,West Indies,field,N,West Indies,Wickets,7.0,,Nicholas Pooran,"Wanindu Hasaranga, Kusal Mendis, Pathum Nissanka","Nicholas Pooran, Jason Holder, Shimron Hetmyer",Marais Erasmus,Paul Reiffel
1178400,Kolkata,2019-04-11,2019,25,Pakistan,England,Adelaide Oval,Sri Lanka,field,N,Bangladesh,Wickets,4.0,,Mustafizur Rahman,"Wanindu Hasaranga, Kusal Mendis, Pathum Nissanka","Shakib Al Hasan, Tamim Iqbal, Mustafizur Rahman",Aleem Dar,Paul Reiffel
1178399,Sydney,2019-04-10,2019,24,New Zealand,Bangladesh,Wankhede Stadium,West Indies,field,N,West Indies,Wickets,3.0,,Nicholas Pooran,"Nicholas Pooran, Jason Holder, Shimron Hetmyer","Wanindu Hasaranga, Kusal Mendis, Pathum Nissanka",Paul Reiffel,Kumar Dharmasena
1178398,Manchester,2019-04-09,2019,23,Afghanistan,New Zealand,Sher-e-Bangla National Stadium,India,field,N,India,Wickets,7.0,,Virat Kohli,"Virat Kohli, Rohit Sharma, Jasprit Bumrah","Rashid Khan, Rahmanullah Gurbaz, Mohammad Nabi",Kumar Dharmasena,Nitin Menon
1178397,Lahore,2019-04-08,2019,22,India,Bangladesh,Lord's Cricket Ground,Afghanistan,field,N,Afghanistan,Wickets,6.0,,Mohammad Nabi,"Rashid Khan, Rahmanullah Gurbaz, Mohammad Nabi","Joe Root, Ben Stokes, Jos Buttler",Chris Gaffaney,Richard Kettleborough
1178396,Kolkata,2019-04-07,2019,21,Bangladesh,South Africa,Old Trafford Cricket Ground,Afghanistan,field,N,Afghanistan,Wickets,8.0,,Rahmanullah Gurbaz,"Rashid Khan, Rahmanullah Gurbaz, Mohammad Nabi","Joe Root, Ben Stokes, Jos Buttler",Marais Erasmus,Chris Gaffaney
1178395,Manchester,2019-04-07,2019,20,Bangladesh,India,Sher-e-Bangla National Stadium,South Africa,field,N,South Africa,Wickets,4.0,,Quinton de Kock,"Virat Kohli, Rohit Sharma, Jasprit Bumrah","Quinton de Kock, Kagiso Rabada, Aiden Markram",Chris Gaffaney,Richard Kettleborough
1178394,Melbourne,2019-04-06,2019,19,Pakistan,South Africa,Eden Gardens,South Africa,field,N,India,Runs,40.0,,Jasprit Bumrah,"Quinton de Kock, Kagiso Rabada, Aiden Markram","Virat Kohli, Rohit Sharma, Jasprit Bumrah",Aleem Dar,Richard Kettleborough
1178393,Ahmedabad,2019-04-06,2019,18,Australia,South Africa,Narendra Modi Stadium,West Indies,bat,N,West Indies,Runs,22.0,,Jason Holder,"Nicholas Pooran, Jason Holder, Shimron Hetmyer","Kane Williamson, Trent Boult, Devon Conway",Paul Reiffel,Nitin Menon
1175372,Melbourne,2019-04-05,2019,17,Pakistan,India,Sher-e-Bangla National Stadium,India,field,N,Pakistan,Wickets,5.0,,Babar Azam,"Babar Azam, Shaheen Afridi, Mohammad Rizwan","Virat Kohli, Rohit Sharma, Jasprit Bumrah",Aleem Dar,Paul Reiffel
1175371,Sydney,2019-04-04,2019,16,England,Sri Lanka,Wankhede Stadium,India,field,N,Australia,Wickets,5.0,,Pat Cummins,"Virat Kohli, Rohit Sharma, Jasprit Bumrah","Pat Cummins, Steve Smith, David Warner",Aleem Dar,Nitin Menon
1175370,Manchester,2019-04-03,2019,15,England,West Indies,Narendra Modi Stadium,South Africa,field,N,Australia,Runs,37.0,,David Warner,"Pat Cummins, Steve Smith, David Warner","Quinton de Kock, Kagiso Rabada, Aiden Markram",Paul Reiffel,Richard Kettleborough
1175369,Manchester,2019-04-02,2019,14,Afghanistan,Australia,Old Trafford Cricket Ground,Bangladesh,field,N,England,Wickets,7.0,,Ben Stokes,"Joe Root, Ben Stokes, Jos Buttler","Shakib Al Hasan, Tamim Iqbal, Mustafizur Rahman",Richard Kettleborough,Kumar Dharmasena
1175368,Kolkata,2019-04-01,2019,13,Bangladesh,Australia,Adelaide Oval,Afghanistan,field,N,Afghanistan,Runs,14.0,,Mohammad Nabi,"Shakib Al Hasan, Tamim Iqbal, Mustafizur Rahman","Rashid Khan, Rahmanullah Gurbaz, Mohammad Nabi",Marais Erasmus,Kumar Dharmasena
1175366,Mumbai,2019-03-31,2019,11,England,Bangladesh,Old Trafford Cricket Ground,Bangladesh,field,N,Bangladesh,Runs,118.0,,Shakib Al Hasan,"Rashid Khan, Rahmanullah Gurbaz, Mohammad Nabi","Shakib Al Hasan, Tamim Iqbal, Mustafizur Rahman",Richard Kettleborough,Chris Gaffaney
1175367,Melbourne,2019-03-31,2019,12,South Africa,Afghanistan,Adelaide Oval,Bangladesh,field,N,West Indies,Runs,8.0,,Shimron Hetmyer,"Shakib Al Hasan, Tamim Iqbal, Mustafizur Rahman","Nicholas Pooran, Jason Holder, Shimron Hetmyer",Rod Tucker,Kumar Dharmasena
1175365,Sydney,2019-03-30,2019,10,West Indies,Afghanistan,Eden Gardens,Pakistan,field,Y,Pakistan,SuperOver,,,Babar Azam,"Babar Azam, Shaheen Afridi, Mohammad Rizwan","Pat Cummins, Steve Smith, David Warner",Marais Erasmus,Rod Tucker
1175364,Lahore,2019-03-30,2019,9,Sri Lanka,India,Lord's Cricket Ground,South Africa,field,N,India,Wickets,8.0,,Rohit Sharma,"Virat Kohli, Rohit Sharma, Jasprit Bumrah","Quinton de Kock, Kagiso Rabada, Aiden Markram",Chris Gaffaney,Paul Reiffel
1175363,Dhaka,2019-03-29,2019,8,Sri Lanka,India,Narendra Modi Stadium,New Zealand,bat,N,New Zealand,Wickets,5.0,,Trent Boult,"Nicholas Pooran, Jason Holder, Shimron Hetmyer","Kane Williamson, Trent Boult, Devon Conway",Nitin Menon,Richard Kettleborough
1175362,Kolkata,2019-03-28,2019,7,Sri Lanka,England,Sher-e-Bangla National Stadium,India,field,N,Pakistan,Runs,6.0,,Mohammad Rizwan,"Babar Azam, Shaheen Afridi, Mohammad Rizwan","Virat Kohli, Rohit Sharma, Jasprit Bumrah",Richard Kettleborough,Marais Erasmus
1175361,Lahore,2019-03-27,2019,6,India,Bangladesh,The Oval,India,field,N,India,Runs,28.0,,Virat Kohli,"Virat Kohli, Rohit Sharma, Jasprit Bumrah","Wanindu Hasaranga, Kusal Mendis, Pathum Nissanka",Marais Erasmus,Rod Tucker
1175360,Dhaka,2019-03-26,2019,5,Australia,New Zealand,Old Trafford Cricket Ground,Bangladesh,bat,N,Pakistan,Wickets,6.0,,Mohammad Rizwan,"Babar Azam, Shaheen Afridi, Mohammad Rizwan","Shakib Al Hasan, Tamim Iqbal, Mustafizur Rahman",Aleem Dar,Rod Tucker
1175359,Sydney,2019-03-25,2019,4,India,England,Eden Gardens,Afghanistan,field,N,South Africa,Runs,14.0,,Kagiso Rabada,"Quinton de Kock, Kagiso Rabada, Aiden Markram","Rashid Khan, Rahmanullah Gurbaz, Mohammad Nabi",Rod Tucker,Paul Reiffel
1175358,Lahore,2019-03-24,2019,3,India,Sri Lanka,Narendra Modi Stadium,Afghanistan,field,N,Afghanistan,Runs,37.0,,Rahmanullah Gurbaz,"Rashid Khan, Rahmanullah Gurbaz, Mohammad Nabi","Wanindu Hasaranga, Kusal Mendis, Pathum Nissanka",Paul Reiffel,Aleem Dar
1175357,Adelaide,2019-03-24,2019,2,Sri Lanka,India,Sher-e-Bangla National Stadium,New Zealand,field,N,New Zealand,Wickets,6.0,,Devon Conway,"Wanindu Hasaranga, Kusal Mendis, Pathum Nissanka","Kane Williamson, Trent Boult, Devon Conway",Kumar Dharmasena,Nitin Menon
1175356,Mumbai,2019-03-23,2019,1,Afghanistan,England,Old Trafford Cricket Ground,India,field,N,India,Wickets,7.0,,Jasprit Bumrah,"Nicholas Pooran, Jason Holder, Shimron Hetmyer","Virat Kohli, Rohit Sharma, Jasprit Bumrah",Rod Tucker,Richard Kettleborough
1136620,Adelaide,2018-05-27,2018,Final,West Indies,India,Narendra Modi Stadium,New Zealand,field,N,New Zealand,Wickets,8.0,,Devon Conway,"Babar Azam, Shaheen Afridi, Mohammad Rizwan","Kane Williamson, Trent Boult, Devon Conway",Marais Erasmus,Kumar Dharmasena
1136619,Ahmedabad,2018-05-25,2018,Qualifier,New Zealand,Pakistan,Old Trafford Cricket Ground,England,field,N,England,Runs,14.0,,Ben Stokes,"Joe Root, Ben Stokes, Jos Buttler","Kane Williamson, Trent Boult, Devon Conway",Marais Erasmus,Kumar Dharmasena
1136618,Sydney,2018-05-23,2018,Eliminator,West Indies,Bangladesh,Sher-e-Bangla National Stadium,Pakistan,field,N,Bangladesh,Runs,25.0,,Shakib Al Hasan,"Shakib Al Hasan, Tamim Iqbal, Mustafizur Rahman","Babar Azam, Shaheen Afridi, Mohammad Rizwan",Richard Kettleborough,Chris Gaffaney
1136617,Manchester,2018-05-22,2018,Qualifier,India,England,Eden Gardens,Pakistan,field,N,Bangladesh,Wickets,2.0,,Tamim Iqbal,"Babar Azam, Shaheen Afridi, Mohammad Rizwan","Shakib Al Hasan, Tamim Iqbal, Mustafizur Rahman",Aleem Dar,Chris Gaffaney
1136616,Mumbai,2018-05-20,2018,56,Bangladesh,Pakistan,Gaddafi Stadium,England,field,N,Bangladesh,Wickets,5.0,,Mustafizur Rahman,"Joe Root, Ben Stokes, Jos Buttler","Shakib Al Hasan, Tamim Iqbal, Mustafizur Rahman",Marais Erasmus,Paul Reiffel
1136615,Dhaka,2018-05-20,2018,55,South Africa,Pakistan,Eden Gardens,India,bat,N,India,Runs,11.0,,Jasprit Bumrah,"Virat Kohli, Rohit Sharma, Jasprit Bumrah","Babar Azam, Shaheen Afridi, Mohammad Rizwan",Kumar Dharmasena,Chris Gaffaney
1136614,Adelaide,2018-05-19,2018,54,West Indies,New Zealand,Lord's Cricket Ground,New Zealand,bat,N,New Zealand,Wickets,5.0,,Devon Conway,"Pat Cummins, Steve Smith, David Warner","Kane Williamson, Trent Boult, Devon Conway",Richard Kettleborough,Chris Gaffaney
1136613,Kolkata,2018-05-19,2018,53,West Indies,Australia,Lord's Cricket Ground,South Africa,bat,N,Australia,Runs,30.0,,Pat Cummins,"Quinton de Kock, Kagiso Rabada, Aiden Markram","Pat Cummins, Steve Smith, David Warner",Paul Reiffel,Chris Gaffaney
1136612,Sydney,2018-05-18,2018,52,South Africa,Pakistan,Adelaide Oval,Bangladesh,field,N,Sri Lanka,Runs,34.0,,Kusal Mendis,"Shakib Al Hasan, Tamim Iqbal, Mustafizur Rahman","Wanindu Hasaranga, Kusal Mendis, Pathum Nissanka",Aleem Dar,Nitin Menon
1136611,Dhaka,2018-05-17,2018,51,Pakistan,West Indies,Lord's Cricket Ground,England,field,N,England,Runs,14.0,,Joe Root,"Joe Root, Ben Stokes, Jos Buttler","Wanindu Hasaranga, Kusal Mendis, Pathum Nissanka",Marais Erasmus,Paul Reiffel
1136610,Melbourne,2018-05-16,2018,50,Bangladesh,Australia,Adelaide Oval,South Africa,field,N,South Africa,Runs,3.0,,Aiden Markram,"Quinton de Kock, Kagiso Rabada, Aiden Markram","Joe Root, Ben Stokes, Jos Buttler",Kumar Dharmasena,Marais Erasmus
1136609,Manchester,2018-05-15,2018,49,New Zealand,Bangladesh,Old Trafford Cricket Ground,West Indies,field,N,West Indies,Wickets,6.0,,Nicholas Pooran,"Nicholas Pooran, Jason Holder, Shimron Hetmyer","Rashid Khan, Rahmanullah Gurbaz, Mohammad Nabi",Marais Erasmus,Nitin Menon
1136608,Melbourne,2018-05-14,2018,48,South Africa,Pakistan,Sher-e-Bangla National Stadium,Pakistan,field,N,Pakistan,Wickets,10.0,,Babar Azam,"Babar Azam, Shaheen Afridi, Mohammad Rizwan","Pat Cummins, Steve Smith, David Warner",Marais Erasmus,Rod Tucker
1136607,Sydney,2018-05-13,2018,47,West Indies,South Africa,Eden Gardens,Bangladesh,field,N,Australia,Wickets,7.0,,Steve Smith,"Shakib Al Hasan, Tamim Iqbal, Mustafizur Rahman","Pat Cummins, Steve Smith, David Warner",Nitin Menon,Chris Gaffaney
1136606,Adelaide,2018-05-13,2018,46,Bangladesh,New Zealand,Adelaide Oval,South Africa,field,N,Bangladesh,Wickets,8.0,,Shakib Al Hasan,"Quinton de Kock, Kagiso Rabada, Aiden Markram","Shakib Al Hasan, Tamim Iqbal, Mustafizur Rahman",Paul Reiffel,Nitin Menon
1136605,Ahmedabad,2018-05-12,2018,45,New Zealand,Pakistan,Adelaide Oval,Bangladesh,field,N,South Africa,Wickets,5.0,,Kagiso Rabada,"Quinton de Kock, Kagiso Rabada, Aiden Markram","Shakib Al Hasan, Tamim Iqbal, Mustafizur Rahman",Aleem Dar,Rod Tucker
1136604,Ahmedabad,2018-05-12,2018,44,New Zealand,Bangladesh,The Oval,Bangladesh,field,N,New Zealand,Runs,31.0,,Devon Conway,"Shakib Al Hasan, Tamim Iqbal, Mustafizur Rahman","Kane Williamson, Trent Boult, Devon Conway",Rod Tucker,Nitin Menon
1136603,Melbourne,2018-05-11,2018,43,South Africa,Bangladesh,Old Trafford Cricket Ground,West Indies,bat,N,Bangladesh,Wickets,4.0,,Mustafizur Rahman,"Nicholas Pooran, Jason Holder, Shimron Hetmyer","Shakib Al Hasan, Tamim Iqbal, Mustafizur Rahman",Chris Gaffaney,Aleem Dar
1136602,Dhaka,2018-05-10,2018,42,Sri Lanka,Australia,Eden Gardens,Sri Lanka,bat,N,Sri Lanka,Wickets,9.0,,Wanindu Hasaranga,"Nicholas Pooran, Jason Holder, Shimron Hetmyer","Wanindu Hasaranga, Kusal Mendis, Pathum Nissanka",Paul Reiffel,Aleem Dar
1136601,Kolkata,2018-05-09,2018,41,West Indies,South Africa,Narendra Modi Stadium,Pakistan,field,N,Australia,Runs,102.0,,David Warner,"Pat Cummins, Steve Smith, David Warner","Babar Azam, Shaheen Afridi, Mohammad Rizwan",Kumar Dharmasena,Chris Gaffaney
1136600,Mumbai,2018-05-08,2018,40,Australia,Sri Lanka,The Oval,Afghanistan,bat,N,West Indies,Runs,15.0,,Nicholas Pooran,"Rashid Khan, Rahmanullah Gurbaz, Mohammad Nabi","Nicholas Pooran, Jason Holder, Shimron Hetmyer",Richard Kettleborough,Chris Gaffaney
1136599,Ahmedabad,2018-05-07,2018,39,New Zealand,Sri Lanka,Old Trafford Cricket Ground,Pakistan,field,N,Pakistan,Runs,5.0,,Shaheen Afridi,"Quinton de Kock, Kagiso Rabada, Aiden Markram","Babar Azam, Shaheen Afridi, Mohammad Rizwan",Kumar Dharmasena,Paul Reiffel
1136598,Dhaka,2018-05-06,2018,38,England,Sri Lanka,Sher-e-Bangla National Stadium,India,field,N,India,Wickets,6.0,,Jasprit Bumrah,"Virat Kohli, Rohit Sharma, Jasprit Bumrah","Pat Cummins, Steve Smith, David Warner",Rod Tucker,Aleem Dar
1136597,Sydney,2018-05-06,2018,37,West Indies,Pakistan,Eden Gardens,West Indies,field,N,Afghanistan,Runs,13.0,,Rahmanullah Gurbaz,"Rashid Khan, Rahmanullah Gurbaz, Mohammad Nabi","Nicholas Pooran, Jason Holder, Shimron Hetmyer",Rod Tucker,Paul Reiffel
1136596,Kolkata,2018-05-05,2018,36,Australia,South Africa,Wankhede Stadium,Australia,bat,N,Australia,Wickets,7.0,,David Warner,"Virat Kohli, Rohit Sharma, Jasprit Bumrah","Pat Cummins, Steve Smith, David Warner",Aleem Dar,Chris Gaffaney
1136595,London,2018-05-05,2018,35,England,Australia,Sher-e-Bangla National Stadium,West Indies,field,N,West Indies,Wickets,6.0,,Jason Holder,"Babar Azam, Shaheen Afridi, Mohammad Rizwan","Nicholas Pooran, Jason Holder, Shimron Hetmyer",Kumar Dharmasena,Rod Tucker
1136594,Mumbai,2018-05-04,2018,34,South Africa,Australia,Eden Gardens,New Zealand,field,N,India,Wickets,6.0,,Rohit Sharma,"Virat Kohli, Rohit Sharma, Jasprit Bumrah","Kane Williamson, Trent Boult, Devon Conway",Rod Tucker,Aleem Dar
1136593,Dhaka,2018-05-03,2018,33,New Zealand,India,The Oval,West Indies,field,N,West Indies,Wickets,6.0,,Shimron Hetmyer,"Nicholas Pooran, Jason Holder, Shimron Hetmyer","Rashid Khan, Rahmanullah Gurbaz, Mohammad Nabi",Marais Erasmus,Aleem Dar
1136592,Mumbai,2018-05-02,2018,32,West Indies,India,Sher-e-Bangla National Stadium,New Zealand,field,N,New Zealand,Runs,4.0,D/L,Devon Conway,"Kane Williamson, Trent Boult, Devon Conway","Quinton de Kock, Kagiso Rabada, Aiden Markram",Aleem Dar,Paul Reiffel
1136591,Sydney,2018-05-01,2018,31,India,Afghanistan,Gaddafi Stadium,West Indies,field,N,Australia,Runs,14.0,,Steve Smith,"Nicholas Pooran, Jason Holder, Shimron Hetmyer","Pat Cummins, Steve Smith, David Warner",Aleem Dar,Nitin Menon
1136590,Adelaide,2018-04-30,2018,30,Afghanistan,India,Adelaide Oval,Afghanistan,field,N,Afghanistan,Runs,13.0,,Rahmanullah Gurbaz,"Joe Root, Ben Stokes, Jos Buttler","Rashid Khan, Rahmanullah Gurbaz, Mohammad Nabi",Richard Kettleborough,Paul Reiffel
1136588,Kolkata,2018-04-29,2018,28,New Zealand,Pakistan,Old Trafford Cricket Ground,Australia,bat,N,Australia,Runs,11.0,,David Warner,"Pat Cummins, Steve Smith, David Warner","Rashid Khan, Rahmanullah Gurbaz, Mohammad Nabi",Chris Gaffaney,Nitin Menon
1136589,Dhaka,2018-04-29,2018,29,India,South Africa,Adelaide Oval,Bangladesh,field,N,New Zealand,Wickets,6.0,,Devon Conway,"Shakib Al Hasan, Tamim Iqbal, Mustafizur Rahman","Kane Williamson, Trent Boult, Devon Conway",Chris Gaffaney,Marais Erasmus
1136587,London,2018-04-28,2018,27,South Africa,Australia,Lord's Cricket Ground,Sri Lanka,field,N,Sri Lanka,Wickets,8.0,,Wanindu Hasaranga,"Rashid Khan, Rahmanullah Gurbaz, Mohammad Nabi","Wanindu Hasaranga, Kusal Mendis, Pathum Nissanka",Paul Reiffel,Richard Kettleborough
1136586,Dhaka,2018-04-27,2018,26,Pakistan,South Africa,Gaddafi Stadium,New Zealand,field,N,Pakistan,Runs,55.0,,Babar Azam,"Kane Williamson, Trent Boult, Devon Conway","Babar Azam, Shaheen Afridi, Mohammad Rizwan",Nitin Menon,Aleem Dar
1136585,Manchester,2018-04-26,2018,25,Sri Lanka,Bangladesh,Eden Gardens,Afghanistan,field,N,Pakistan,Runs,13.0,,Babar Azam,"Rashid Khan, Rahmanullah Gurbaz, Mohammad Nabi","Babar Azam, Shaheen Afridi, Mohammad Rizwan",Nitin Menon,Richard Kettleborough
1136584,Kolkata,2018-04-25,2018,24,Pakistan,England,Gaddafi Stadium,New Zealand,field,N,New Zealand,Wickets,5.0,,Devon Conway,"Nicholas Pooran, Jason Holder, Shimron Hetmyer","Kane Williamson, Trent Boult, Devon Conway",Aleem Dar,Marais Erasmus
1136583,Manchester,2018-04-24,2018,23,West Indies,New Zealand,The Oval,England,field,N,England,Runs,31.0,,Jos Buttler,"Joe Root, Ben Stokes, Jos Buttler","Kane Williamson, Trent Boult, Devon Conway",Rod Tucker,Nitin Menon
1136582,Kolkata,2018-04-23,2018,22,Pakistan,Sri Lanka,Melbourne Cricket Ground,Afghanistan,field,N,India,Runs,4.0,,Virat Kohli,"Virat Kohli, Rohit Sharma, Jasprit Bumrah","Rashid Khan, Rahmanullah Gurbaz, Mohammad Nabi",Kumar Dharmasena,Marais Erasmus
1136581,Mumbai,2018-04-22,2018,21,New Zealand,Afghanistan,Old Trafford Cricket Ground,India,bat,N,India,Wickets,3.0,,Virat Kohli,"Virat Kohli, Rohit Sharma, Jasprit Bumrah","Rashid Khan, Rahmanullah Gurbaz, Mohammad Nabi",Marais Erasmus,Chris Gaffaney
1136580,Lahore,2018-04-22,2018,20,Afghanistan,England,Lord's Cricket Ground,Sri Lanka,field,N,Sri Lanka,Runs,4.0,,Kusal Mendis,"Wanindu Hasaranga, Kusal Mendis, Pathum Nissanka","Joe Root, Ben Stokes, Jos Buttler",Marais Erasmus,Rod Tucker
1136579,London,2018-04-21,2018,19,Pakistan,Bangladesh,Melbourne Cricket Ground,England,field,N,Afghanistan,Wickets,6.0,,Mohammad Nabi,"Joe Root, Ben Stokes, Jos Buttler","Rashid Khan, Rahmanullah Gurbaz, Mohammad Nabi",Richard Kettleborough,Paul Reiffel
1136578,Dhaka,2018-04-21,2018,18,India,West Indies,Sher-e-Bangla National Stadium,Sri Lanka,field,N,Sri Lanka,Wickets,9.0,D/L,Kusal Mendis,"Joe Root, Ben Stokes, Jos Buttler","Wanindu Hasaranga, Kusal Mendis, Pathum Nissanka",Rod Tucker,Nitin Menon
1136577,Mumbai,2018-04-20,2018,17,India,Australia,Melbourne Cricket Ground,South Africa,field,N,New Zealand,Runs,64.0,,Devon Conway,"Kane Williamson, Trent Boult, Devon Conway","Quinton de Kock, Kagiso Rabada, Aiden Markram",Paul Reiffel,Richard Kettleborough
1136576,Melbourne,2018-04-19,2018,16,Afghanistan,Pakistan,Adelaide Oval,Afghanistan,bat,N,Bangladesh,Runs,15.0,,Tamim Iqbal,"Rashid Khan, Rahmanullah Gurbaz, Mohammad Nabi","Shakib Al Hasan, Tamim Iqbal, Mustafizur Rahman",Kumar Dharmasena,Nitin Menon
1136575,Lahore,2018-04-18,2018,15,West Indies,Sri Lanka,Lord's Cricket Ground,Afghanistan,field,N,Afghanistan,Wickets,7.0,,Rahmanullah Gurbaz,"Rashid Khan, Rahmanullah Gurbaz, Mohammad Nabi","Babar Azam, Shaheen Afridi, Mohammad Rizwan",Paul Reiffel,Nitin Menon
1136574,Lahore,2018-04-17,2018,14,Australia,Sri Lanka,Eden Gardens,West Indies,field,N,Pakistan,Runs,46.0,,Mohammad Rizwan,"Nicholas Pooran, Jason Holder, Shimron Hetmyer","Babar Azam, Shaheen Afridi, Mohammad Rizwan",Aleem Dar,Marais Erasmus
1136573,Melbourne,2018-04-16,2018,13,India,Afghanistan,Adelaide Oval,Bangladesh,field,N,England,Runs,71.0,,Joe Root,"Shakib Al Hasan, Tamim Iqbal, Mustafizur Rahman","Joe Root, Ben Stokes, Jos Buttler",Paul Reiffel,Aleem Dar
1136572,Ahmedabad,2018-04-15,2018,12,New Zealand,Australia,Adelaide Oval,India,field,N,India,Runs,4.0,,Virat Kohli,"Virat Kohli, Rohit Sharma, Jasprit Bumrah","Quinton de Kock, Kagiso Rabada, Aiden Markram",Rod Tucker,Richard Kettleborough
1136571,Kolkata,2018-04-15,2018,11,Pakistan,England,Old Trafford Cricket Ground,Australia,field,N,England,Runs,19.0,,Ben Stokes,"Joe Root, Ben Stokes, Jos Buttler","Pat Cummins, Steve Smith, David Warner",Richard Kettleborough,Chris Gaffaney
1136570,Adelaide,2018-04-14,2018,10,Bangladesh,Afghanistan,Wankhede Stadium,England,field,N,England,Wickets,5.0,,Jos Buttler,"Rashid Khan, Rahmanullah Gurbaz, Mohammad Nabi","Joe Root, Ben Stokes, Jos Buttler",Rod Tucker,Marais Erasmus
1136569,Ahmedabad,2018-04-14,2018,9,West Indies,Sri Lanka,Eden Gardens,Australia,field,N,Australia,Wickets,7.0,,Steve Smith,"Pat Cummins, Steve Smith, David Warner","Kane Williamson, Trent Boult, Devon Conway",Paul Reiffel,Chris Gaffaney
1136568,Ahmedabad,2018-04-13,2018,8,Sri Lanka,West Indies,Eden Gardens,West Indies,field,N,England,Wickets,4.0,,Jos Buttler,"Joe Root, Ben Stokes, Jos Buttler","Nicholas Pooran, Jason Holder, Shimron Hetmyer",Paul Reiffel,Rod Tucker
1136567,London,2018-04-12,2018,7,Sri Lanka,West Indies,Old Trafford Cricket Ground,New Zealand,field,N,Afghanistan,Wickets,1.0,,Rahmanullah Gurbaz,"Kane Williamson, Trent Boult, Devon Conway","Rashid Khan, Rahmanullah Gurbaz, Mohammad Nabi",Rod Tucker,Paul Reiffel
1136566,Melbourne,2018-04-11,2018,6,England,India,Gaddafi Stadium,Bangladesh,field,N,Bangladesh,Runs,10.0,D/L,Shakib Al Hasan,"Virat Kohli, Rohit Sharma, Jasprit Bumrah","Shakib Al Hasan, Tamim Iqbal, Mustafizur Rahman",Chris Gaffaney,Marais Erasmus
1136565,Dhaka,2018-04-10,2018,5,West Indies,New Zealand,Narendra Modi Stadium,West Indies,field,N,West Indies,Wickets,5.0,,Shimron Hetmyer,"Nicholas Pooran, Jason Holder, Shimron Hetmyer","Pat Cummins, Steve Smith, David Warner",Marais Erasmus,Rod Tucker
1136564,Kolkata,2018-04-09,2018,4,Afghanistan,Sri Lanka,Gaddafi Stadium,India,field,N,Pakistan,Wickets,9.0,,Mohammad Rizwan,"Babar Azam, Shaheen Afridi, Mohammad Rizwan","Virat Kohli, Rohit Sharma, Jasprit Bumrah",Kumar Dharmasena,Richard Kettleborough
1136562,Dhaka,2018-04-08,2018,2,South Africa,Afghanistan,The Oval,England,field,N,England,Wickets,6.0,,Jos Buttler,"Kane Williamson, Trent Boult, Devon Conway","Joe Root, Ben Stokes, Jos Buttler",Chris Gaffaney,Paul Reiffel
1136563,London,2018-04-08,2018,3,India,New Zealand,Adelaide Oval,South Africa,field,N,Afghanistan,Wickets,4.0,,Rahmanullah Gurbaz,"Rashid Khan, Rahmanullah Gurbaz, Mohammad Nabi","Quinton de Kock, Kagiso Rabada, Aiden Markram",Chris Gaffaney,Rod Tucker
1136561,Lahore,2018-04-07,2018,1,New Zealand,India,Sher-e-Bangla National Stadium,Pakistan,field,N,South Africa,Wickets,1.0,,Aiden Markram,"Quinton de Kock, Kagiso Rabada, Aiden Markram","Babar Azam, Shaheen Afridi, Mohammad Rizwan",Nitin Menon,Aleem Dar
1082650,Lahore,2017-05-21,2017,Final,West Indies,Bangladesh,Adelaide Oval,Australia,bat,N,South Africa,Runs,1.0,,Aiden Markram,"Quinton de Kock, Kagiso Rabada, Aiden Markram","Pat Cummins, Steve Smith, David Warner",Chris Gaffaney,Marais Erasmus
1082649,London,2017-05-19,2017,Qualifier 2,Afghanistan,South Africa,Old Trafford Cricket Ground,Australia,field,N,Australia,Wickets,6.0,,David Warner,"Pat Cummins, Steve Smith, David Warner","Nicholas Pooran, Jason Holder, Shimron Hetmyer",Richard Kettleborough,Nitin Menon
1082648,Mumbai,2017-05-17,2017,Eliminator,Bangladesh,South Africa,Eden Gardens,West Indies,field,N,West Indies,Wickets,7.0,D/L,Shimron Hetmyer,"Nicholas Pooran, Jason Holder, Shimron Hetmyer","Kane Williamson, Trent Boult, Devon Conway",Richard Kettleborough,Marais Erasmus
1082647,Ahmedabad,2017-05-16,2017,Qualifier 1,Sri Lanka,India,Gaddafi Stadium,Australia,field,N,West Indies,Runs,20.0,,Jason Holder,"Nicholas Pooran, Jason Holder, Shimron Hetmyer","Pat Cummins, Steve Smith, David Warner",Richard Kettleborough,Nitin Menon
1082646,Mumbai,2017-05-14,2017,56,India,New Zealand,Adelaide Oval,New Zealand,bat,N,New Zealand,Runs,10.0,,Devon Conway,"Rashid Khan, Rahmanullah Gurbaz, Mohammad Nabi","Kane Williamson, Trent Boult, Devon Conway",Rod Tucker,Nitin Menon
1082645,Mumbai,2017-05-14,2017,55,India,Sri Lanka,Sher-e-Bangla National Stadium,India,field,N,India,Wickets,9.0,,Virat Kohli,"Rashid Khan, Rahmanullah Gurbaz, Mohammad Nabi","Virat Kohli, Rohit Sharma, Jasprit Bumrah",Marais Erasmus,Kumar Dharmasena
1082644,Ahmedabad,2017-05-13,2017,54,Australia,Pakistan,Gaddafi Stadium,New Zealand,field,N,New Zealand,Runs,9.0,,Kane Williamson,"Kane Williamson, Trent Boult, Devon Conway","Rashid Khan, Rahmanullah Gurbaz, Mohammad Nabi",Richard Kettleborough,Paul Reiffel
1082643,Lahore,2017-05-13,2017,53,Bangladesh,India,Adelaide Oval,Sri Lanka,field,N,Sri Lanka,Wickets,8.0,,Kusal Mendis,"Nicholas Pooran, Jason Holder, Shimron Hetmyer","Wanindu Hasaranga, Kusal Mendis, Pathum Nissanka",Kumar Dharmasena,Richard Kettleborough
1082642,Sydney,2017-05-12,2017,52,Sri Lanka,South Africa,Eden Gardens,Australia,bat,N,West Indies,Runs,7.0,,Shimron Hetmyer,"Nicholas Pooran, Jason Holder, Shimron Hetmyer","Pat Cummins, Steve Smith, David Warner",Nitin Menon,Rod Tucker
1082641,Manchester,2017-05-11,2017,51,Bangladesh,India,Old Trafford Cricket Ground,Bangladesh,field,N,England,Runs,7.0,,Joe Root,"Joe Root, Ben Stokes, Jos Buttler","Shakib Al Hasan, Tamim Iqbal, Mustafizur Rahman",Richard Kettleborough,Nitin Menon
1082640,Mumbai,2017-05-10,2017,50,Australia,New Zealand,Gaddafi Stadium,Australia,field,N,Australia,Wickets,2.0,,Pat Cummins,"Pat Cummins, Steve Smith, David Warner","Virat Kohli, Rohit Sharma, Jasprit Bumrah",Richard Kettleborough,Nitin Menon
1082639,Melbourne,2017-05-09,2017,49,New Zealand,South Africa,Narendra Modi Stadium,Pakistan,field,N,Pakistan,Runs,14.0,,Babar Azam,"Babar Azam, Shaheen Afridi, Mohammad Rizwan","Pat Cummins, Steve Smith, David Warner",Kumar Dharmasena,Aleem Dar
1082638,Manchester,2017-05-08,2017,48,India,Afghanistan,The Oval,Australia,bat,N,Australia,Wickets,7.0,,Steve Smith,"Pat Cummins, Steve Smith, David Warner","Virat Kohli, Rohit Sharma, Jasprit Bumrah",Richard Kettleborough,Chris Gaffaney
1082636,Manchester,2017-05-07,2017,46,Bangladesh,India,The Oval,England,field,N,England,Wickets,6.0,,Ben Stokes,"Joe Root, Ben Stokes, Jos Buttler","Babar Azam, Shaheen Afridi, Mohammad Rizwan",Richard Kettleborough,Nitin Menon
1082637,Lahore,2017-05-07,2017,47,Bangladesh,South Africa,The Oval,West Indies,field,N,West Indies,Wickets,6.0,,Nicholas Pooran,"Virat Kohli, Rohit Sharma, Jasprit Bumrah","Nicholas Pooran, Jason Holder, Shimron Hetmyer",Kumar Dharmasena,Chris Gaffaney
1082635,Lahore,2017-05-06,2017,45,Sri Lanka,New Zealand,Narendra Modi Stadium,West Indies,field,N,West Indies,Runs,146.0,,Shimron Hetmyer,"Virat Kohli, Rohit Sharma, Jasprit Bumrah","Nicholas Pooran, Jason Holder, Shimron Hetmyer",Rod Tucker,Aleem Dar
1082634,Adelaide,2017-05-06,2017,44,Australia,Pakistan,Sher-e-Bangla National Stadium,Afghanistan,field,N,Afghanistan,Runs,12.0,,Rashid Khan,"Rashid Khan, Rahmanullah Gurbaz, Mohammad Nabi","Pat Cummins, Steve Smith, David Warner",Aleem Dar,Richard Kettleborough
1082633,Mumbai,2017-05-05,2017,43,Bangladesh,India,Gaddafi Stadium,India,field,N,India,Runs,19.0,,Virat Kohli,"Quinton de Kock, Kagiso Rabada, Aiden Markram","Virat Kohli, Rohit Sharma, Jasprit Bumrah",Kumar Dharmasena,Chris Gaffaney
1082632,Dhaka,2017-05-04,2017,42,New Zealand,Australia,Old Trafford Cricket Ground,England,field,N,England,Wickets,7.0,,Jos Buttler,"Pat Cummins, Steve Smith, David Warner","Joe Root, Ben Stokes, Jos Buttler",Aleem Dar,Nitin Menon
1082631,Manchester,2017-05-03,2017,41,South Africa,India,The Oval,West Indies,field,N,West Indies,Wickets,4.0,,Shimron Hetmyer,"Quinton de Kock, Kagiso Rabada, Aiden Markram","Nicholas Pooran, Jason Holder, Shimron Hetmyer",Aleem Dar,Kumar Dharmasena
1082630,Ahmedabad,2017-05-02,2017,40,England,Bangladesh,Eden Gardens,India,field,N,Bangladesh,Wickets,6.0,,Mustafizur Rahman,"Virat Kohli, Rohit Sharma, Jasprit Bumrah","Shakib Al Hasan, Tamim Iqbal, Mustafizur Rahman",Rod Tucker,Paul Reiffel
1082629,Kolkata,2017-05-01,2017,39,South Africa,Sri Lanka,Eden Gardens,Pakistan,field,N,Pakistan,Wickets,5.0,,Shaheen Afridi,"Wanindu Hasaranga, Kusal Mendis, Pathum Nissanka","Babar Azam, Shaheen Afridi, Mohammad Rizwan",Richard Kettleborough,Aleem Dar
1082628,Melbourne,2017-05-01,2017,38,South Africa,Sri Lanka,Wankhede Stadium,West Indies,bat,N,Pakistan,Wickets,5.0,,Mohammad Rizwan,"Nicholas Pooran, Jason Holder, Shimron Hetmyer","Babar Azam, Shaheen Afridi, Mohammad Rizwan",Paul Reiffel,Marais Erasmus
1082627,Kolkata,2017-04-30,2017,37,Bangladesh,Australia,Wankhede Stadium,South Africa,field,N,Australia,Runs,48.0,,Steve Smith,"Quinton de Kock, Kagiso Rabada, Aiden Markram","Pat Cummins, Steve Smith, David Warner",Nitin Menon,Aleem Dar
1082626,Dhaka,2017-04-30,2017,36,Australia,Bangladesh,Melbourne Cricket Ground,Afghanistan,field,N,Afghanistan,Wickets,10.0,,Rashid Khan,"Joe Root, Ben Stokes, Jos Buttler","Rashid Khan, Rahmanullah Gurbaz, Mohammad Nabi",Richard Kettleborough,Paul Reiffel
1082625,Dhaka,2017-04-29,2017,35,Pakistan,Sri Lanka,The Oval,New Zealand,bat,Y,New Zealand,SuperOver,,,Kane Williamson,"Joe Root, Ben Stokes, Jos Buttler","Kane Williamson, Trent Boult, Devon Conway",Marais Erasmus,Rod Tucker
1082624,Mumbai,2017-04-29,2017,34,West Indies,Pakistan,Melbourne Cricket Ground,South Africa,field,N,South Africa,Runs,61.0,,Quinton de Kock,"Quinton de Kock, Kagiso Rabada, Aiden Markram","Pat Cummins, Steve Smith, David Warner",Aleem Dar,Marais Erasmus
1082622,Dhaka,2017-04-28,2017,32,Bangladesh,South Africa,Narendra Modi Stadium,Sri Lanka,field,N,Sri Lanka,Wickets,7.0,,Wanindu Hasaranga,"Kane Williamson, Trent Boult, Devon Conway","Wanindu Hasaranga, Kusal Mendis, Pathum Nissanka",Paul Reiffel,Nitin Menon
1082623,Kolkata,2017-04-28,2017,33,Afghanistan,South Africa,Wankhede Stadium,Australia,field,N,Bangladesh,Runs,26.0,,Tamim Iqbal,"Shakib Al Hasan, Tamim Iqbal, Mustafizur Rahman","Pat Cummins, Steve Smith, David Warner",Rod Tucker,Aleem Dar
1082621,Ahmedabad,2017-04-27,2017,31,Bangladesh,England,Melbourne Cricket Ground,Australia,field,N,Sri Lanka,Wickets,7.0,,Kusal Mendis,"Pat Cummins, Steve Smith, David Warner","Wanindu Hasaranga, Kusal Mendis, Pathum Nissanka",Marais Erasmus,Rod Tucker
1082620,Ahmedabad,2017-04-26,2017,30,Pakistan,India,Lord's Cricket Ground,Afghanistan,field,N,Sri Lanka,Wickets,7.0,,Pathum Nissanka,"Rashid Khan, Rahmanullah Gurbaz, Mohammad Nabi","Wanindu Hasaranga, Kusal Mendis, Pathum Nissanka",Kumar Dharmasena,Marais Erasmus
1082618,London,2017-04-24,2017,28,Bangladesh,West Indies,Wankhede Stadium,India,field,N,India,Runs,3.0,,Jasprit Bumrah,"Nicholas Pooran, Jason Holder, Shimron Hetmyer","Virat Kohli, Rohit Sharma, Jasprit Bumrah",Kumar Dharmasena,Paul Reiffel
1082617,Lahore,2017-04-23,2017,27,New Zealand,Afghanistan,Eden Gardens,Australia,field,N,Australia,Runs,82.0,,Steve Smith,"Pat Cummins, Steve Smith, David Warner","Rashid Khan, Rahmanullah Gurbaz, Mohammad Nabi",Richard Kettleborough,Kumar Dharmasena
1082616,London,2017-04-23,2017,26,West Indies,Pakistan,Adelaide Oval,South Africa,field,N,Afghanistan,Runs,26.0,,Rahmanullah Gurbaz,"Quinton de Kock, Kagiso Rabada, Aiden Markram","Rashid Khan, Rahmanullah Gurbaz, Mohammad Nabi",Rod Tucker,Kumar Dharmasena
1082615,Lahore,2017-04-22,2017,24,New Zealand,Pakistan,Narendra Modi Stadium,India,field,N,India,Wickets,6.0,,Rohit Sharma,"Virat Kohli, Rohit Sharma, Jasprit Bumrah","Quinton de Kock, Kagiso Rabada, Aiden Markram",Kumar Dharmasena,Paul Reiffel
1082614,Melbourne,2017-04-22,2017,25,India,New Zealand,Old Trafford Cricket Ground,England,field,N,England,Runs,14.0,,Joe Root,"Joe Root, Ben Stokes, Jos Buttler","Nicholas Pooran, Jason Holder, Shimron Hetmyer",Aleem Dar,Paul Reiffel
1082613,Manchester,2017-04-21,2017,23,Afghanistan,England,Melbourne Cricket Ground,India,field,N,India,Wickets,4.0,,Virat Kohli,"Virat Kohli, Rohit Sharma, Jasprit Bumrah","Kane Williamson, Trent Boult, Devon Conway",Aleem Dar,Nitin Menon
1082612,London,2017-04-20,2017,22,Afghanistan,Bangladesh,Narendra Modi Stadium,West Indies,field,N,Bangladesh,Wickets,8.0,,Tamim Iqbal,"Shakib Al Hasan, Tamim Iqbal, Mustafizur Rahman","Nicholas Pooran, Jason Holder, Shimron Hetmyer",Nitin Menon,Paul Reiffel
1082611,Lahore,2017-04-19,2017,21,New Zealand,England,Wankhede Stadium,Bangladesh,bat,N,Bangladesh,Runs,15.0,,Mustafizur Rahman,"Shakib Al Hasan, Tamim Iqbal, Mustafizur Rahman","Pat Cummins, Steve Smith, David Warner",Rod Tucker,Marais Erasmus
1082610,Mumbai,2017-04-18,2017,20,West Indies,New Zealand,Old Trafford Cricket Ground,South Africa,field,N,Australia,Runs,21.0,,Pat Cummins,"Quinton de Kock, Kagiso Rabada, Aiden Markram","Pat Cummins, Steve Smith, David Warner",Kumar Dharmasena,Aleem Dar
1082608,Lahore,2017-04-17,2017,18,South Africa,Afghanistan,Gaddafi Stadium,West Indies,bat,N,New Zealand,Wickets,4.0,,Kane Williamson,"Kane Williamson, Trent Boult, Devon Conway","Nicholas Pooran, Jason Holder, Shimron Hetmyer",Nitin Menon,Chris Gaffaney
1082609,London,2017-04-17,2017,19,New Zealand,India,Adelaide Oval,India,field,N,India,Runs,5.0,,Virat Kohli,"Virat Kohli, Rohit Sharma, Jasprit Bumrah","Kane Williamson, Trent Boult, Devon Conway",Rod Tucker,Paul Reiffel
1082607,Dhaka,2017-04-16,2017,17,India,Pakistan,Melbourne Cricket Ground,South Africa,field,N,South Africa,Runs,27.0,,Kagiso Rabada,"Nicholas Pooran, Jason Holder, Shimron Hetmyer","Quinton de Kock, Kagiso Rabada, Aiden Markram",Paul Reiffel,Marais Erasmus
1082606,Kolkata,2017-04-16,2017,16,South Africa,New Zealand,Adelaide Oval,England,field,N,West Indies,Wickets,6.0,,Shimron Hetmyer,"Joe Root, Ben Stokes, Jos Buttler","Nicholas Pooran, Jason Holder, Shimron Hetmyer",Marais Erasmus,Paul Reiffel
1082605,Ahmedabad,2017-04-15,2017,15,Afghanistan,England,Sher-e-Bangla National Stadium,West Indies,bat,N,West Indies,Runs,51.0,,Jason Holder,"Nicholas Pooran, Jason Holder, Shimron Hetmyer","Pat Cummins, Steve Smith, David Warner",Aleem Dar,Kumar Dharmasena
1082604,Melbourne,2017-04-15,2017,14,India,South Africa,Old Trafford Cricket Ground,New Zealand,field,N,South Africa,Runs,17.0,,Kagiso Rabada,"Quinton de Kock, Kagiso Rabada, Aiden Markram","Kane Williamson, Trent Boult, Devon Conway",Aleem Dar,Marais Erasmus
1082603,Dhaka,2017-04-14,2017,13,Bangladesh,Sri Lanka,Eden Gardens,Pakistan,field,N,Pakistan,Wickets,7.0,,Babar Azam,"Babar Azam, Shaheen Afridi, Mohammad Rizwan","Pat Cummins, Steve Smith, David Warner",Rod Tucker,Aleem Dar
1082602,Kolkata,2017-04-14,2017,12,Bangladesh,England,Gaddafi Stadium,Pakistan,field,N,Pakistan,Wickets,4.0,,Babar Azam,"Nicholas Pooran, Jason Holder, Shimron Hetmyer","Babar Azam, Shaheen Afridi, Mohammad Rizwan",Kumar Dharmasena,Paul Reiffel
1082601,Adelaide,2017-04-13,2017,11,Bangladesh,West Indies,Wankhede Stadium,Pakistan,field,N,Pakistan,Wickets,8.0,,Mohammad Rizwan,"Shakib Al Hasan, Tamim Iqbal, Mustafizur Rahman","Babar Azam, Shaheen Afridi, Mohammad Rizwan",Richard Kettleborough,Chris Gaffaney
1082600,Manchester,2017-04-12,2017,10,Pakistan,Australia,Melbourne Cricket Ground,Australia,field,N,South Africa,Wickets,4.0,,Quinton de Kock,"Pat Cummins, Steve Smith, David Warner","Quinton de Kock, Kagiso Rabada, Aiden Markram",Paul Reiffel,Kumar Dharmasena
1082599,Melbourne,2017-04-11,2017,9,West Indies,Sri Lanka,Gaddafi Stadium,Afghanistan,field,N,Australia,Runs,97.0,,Pat Cummins,"Pat Cummins, Steve Smith, David Warner","Rashid Khan, Rahmanullah Gurbaz, Mohammad Nabi",Rod Tucker,Kumar Dharmasena
1082598,Adelaide,2017-04-10,2017,8,South Africa,Australia,The Oval,Australia,bat,N,England,Wickets,8.0,,Joe Root,"Pat Cummins, Steve Smith, David Warner","Joe Root, Ben Stokes, Jos Buttler",Marais Erasmus,Kumar Dharmasena
1082597,Ahmedabad,2017-04-09,2017,7,England,Afghanistan,Sher-e-Bangla National Stadium,New Zealand,field,N,New Zealand,Wickets,4.0,,Trent Boult,"Kane Williamson, Trent Boult, Devon Conway","Quinton de Kock, Kagiso Rabada, Aiden Markram",Chris Gaffaney,Kumar Dharmasena
1082596,Ahmedabad,2017-04-09,2017,6,India,South Africa,Old Trafford Cricket Ground,Afghanistan,field,N,Afghanistan,Wickets,9.0,,Mohammad Nabi,"Rashid Khan, Rahmanullah Gurbaz, Mohammad Nabi","Joe Root, Ben Stokes, Jos Buttler",Richard Kettleborough,Chris Gaffaney
1082595,Lahore,2017-04-08,2017,5,New Zealand,West Indies,Lord's Cricket Ground,England,bat,N,England,Runs,15.0,,Jos Buttler,"Kane Williamson, Trent Boult, Devon Conway","Joe Root, Ben Stokes, Jos Buttler",Nitin Menon,Richard Kettleborough
1082594,Lahore,2017-04-08,2017,4,Bangladesh,England,Melbourne Cricket Ground,Bangladesh,field,N,Bangladesh,Wickets,6.0,,Mustafizur Rahman,"Shakib Al Hasan, Tamim Iqbal, Mustafizur Rahman","Joe Root, Ben Stokes, Jos Buttler",Richard Kettleborough,Kumar Dharmasena
1082593,Sydney,2017-04-07,2017,3,West Indies,New Zealand,Eden Gardens,New Zealand,field,N,West Indies,Wickets,10.0,,Shimron Hetmyer,"Nicholas Pooran, Jason Holder, Shimron Hetmyer","Kane Williamson, Trent Boult, Devon Conway",Kumar Dharmasena,Rod Tucker
1082592,Kolkata,2017-04-06,2017,2,Australia,Sri Lanka,Gaddafi Stadium,South Africa,field,N,New Zealand,Wickets,7.0,,Kane Williamson,"Quinton de Kock, Kagiso Rabada, Aiden Markram","Kane Williamson, Trent Boult, Devon Conway",Paul Reiffel,Marais Erasmus
1082591,Mumbai,2017-04-05,2017,1,West Indies,Australia,Adelaide Oval,West Indies,field,N,West Indies,Runs,35.0,,Shimron Hetmyer,"Nicholas Pooran, Jason Holder, Shimron Hetmyer","Wanindu Hasaranga, Kusal Mendis, Pathum Nissanka",Kumar Dharmasena,Chris Gaffaney
981019,Mumbai,2016-05-29,2016,Final,Afghanistan,West Indies,Melbourne Cricket Ground,Australia,bat,N,Australia,Runs,8.0,,Pat Cummins,"Babar Azam, Shaheen Afridi, Mohammad Rizwan","Pat Cummins, Steve Smith, David Warner",Richard Kettleborough,Chris Gaffaney
981017,Adelaide,2016-05-27,2016,Qualifier 2,Afghanistan,Pakistan,Eden Gardens,Afghanistan,field,N,Afghanistan,Wickets,4.0,,Rashid Khan,"Virat Kohli, Rohit Sharma, Jasprit Bumrah","Rashid Khan, Rahmanullah Gurbaz, Mohammad Nabi",Aleem Dar,Paul Reiffel
981015,Adelaide,2016-05-25,2016,Elimination Final,Afghanistan,Australia,The Oval,Bangladesh,field,N,Bangladesh,Runs,22.0,,Shakib Al Hasan,"Shakib Al Hasan, Tamim Iqbal, Mustafizur Rahman","Quinton de Kock, Kagiso Rabada, Aiden Markram",Richard Kettleborough,Rod Tucker
981013,Lahore,2016-05-24,2016,Qualifier 1,Bangladesh,India,Sher-e-Bangla National Stadium,India,field,N,India,Wickets,4.0,,Jasprit Bumrah,"Kane Williamson, Trent Boult, Devon Conway","Virat Kohli, Rohit Sharma, Jasprit Bumrah",Marais Erasmus,Paul Reiffel
981011,Manchester,2016-05-22,2016,56,Sri Lanka,India,Melbourne Cricket Ground,Bangladesh,field,N,Bangladesh,Wickets,6.0,,Shakib Al Hasan,"Wanindu Hasaranga, Kusal Mendis, Pathum Nissanka","Shakib Al Hasan, Tamim Iqbal, Mustafizur Rahman",Nitin Menon,Kumar Dharmasena
981009,Manchester,2016-05-22,2016,55,England,Pakistan,Lord's Cricket Ground,England,field,N,Sri Lanka,Runs,22.0,,Pathum Nissanka,"Wanindu Hasaranga, Kusal Mendis, Pathum Nissanka","Joe Root, Ben Stokes, Jos Buttler",Rod Tucker,Nitin Menon
981007,Lahore,2016-05-21,2016,54,England,West Indies,Wankhede Stadium,Afghanistan,field,N,Bangladesh,Wickets,6.0,,Tamim Iqbal,"Shakib Al Hasan, Tamim Iqbal, Mustafizur Rahman","Rashid Khan, Rahmanullah Gurbaz, Mohammad Nabi",Aleem Dar,Rod Tucker
981005,Melbourne,2016-05-21,2016,53,Pakistan,Afghanistan,Gaddafi Stadium,Bangladesh,bat,N,Bangladesh,Wickets,4.0,,Tamim Iqbal,"Wanindu Hasaranga, Kusal Mendis, Pathum Nissanka","Shakib Al Hasan, Tamim Iqbal, Mustafizur Rahman",Chris Gaffaney,Rod Tucker
981003,Sydney,2016-05-20,2016,52,Afghanistan,Australia,Old Trafford Cricket Ground,Australia,field,N,Australia,Wickets,6.0,,Steve Smith,"Kane Williamson, Trent Boult, Devon Conway","Pat Cummins, Steve Smith, David Warner",Aleem Dar,Richard Kettleborough
981001,Kolkata,2016-05-19,2016,51,New Zealand,India,Melbourne Cricket Ground,Sri Lanka,field,N,Sri Lanka,Wickets,6.0,,Kusal Mendis,"Quinton de Kock, Kagiso Rabada, Aiden Markram","Wanindu Hasaranga, Kusal Mendis, Pathum Nissanka",Marais Erasmus,Rod Tucker
980999,Kolkata,2016-05-18,2016,50,India,Pakistan,Wankhede Stadium,West Indies,field,N,India,Runs,82.0,D/L,Rohit Sharma,"Nicholas Pooran, Jason Holder, Shimron Hetmyer","Virat Kohli, Rohit Sharma, Jasprit Bumrah",Chris Gaffaney,Aleem Dar
980997,Kolkata,2016-05-17,2016,49,Afghanistan,England,Old Trafford Cricket Ground,New Zealand,field,N,Sri Lanka,Runs,19.0,D/L,Wanindu Hasaranga,"Wanindu Hasaranga, Kusal Mendis, Pathum Nissanka","Kane Williamson, Trent Boult, Devon Conway",Kumar Dharmasena,Chris Gaffaney
980995,Lahore,2016-05-16,2016,48,India,Pakistan,Wankhede Stadium,Australia,field,N,West Indies,Wickets,9.0,,Jason Holder,"Nicholas Pooran, Jason Holder, Shimron Hetmyer","Pat Cummins, Steve Smith, David Warner",Nitin Menon,Paul Reiffel
980991,Ahmedabad,2016-05-15,2016,46,Bangladesh,South Africa,The Oval,Sri Lanka,bat,N,South Africa,Wickets,7.0,,Quinton de Kock,"Quinton de Kock, Kagiso Rabada, Aiden Markram","Wanindu Hasaranga, Kusal Mendis, Pathum Nissanka",Kumar Dharmasena,Paul Reiffel
980993,Manchester,2016-05-15,2016,47,Sri Lanka,England,Sher-e-Bangla National Stadium,Bangladesh,field,N,Pakistan,Runs,80.0,,Babar Azam,"Shakib Al Hasan, Tamim Iqbal, Mustafizur Rahman","Babar Azam, Shaheen Afridi, Mohammad Rizwan",Marais Erasmus,Chris Gaffaney
980987,London,2016-05-14,2016,44,England,Sri Lanka,The Oval,Afghanistan,field,N,Australia,Runs,144.0,,David Warner,"Rashid Khan, Rahmanullah Gurbaz, Mohammad Nabi","Pat Cummins, Steve Smith, David Warner",Paul Reiffel,Nitin Menon
980989,Dhaka,2016-05-14,2016,45,India,New Zealand,Narendra Modi Stadium,New Zealand,bat,N,New Zealand,Wickets,8.0,D/L,Kane Williamson,"Kane Williamson, Trent Boult, Devon Conway","Pat Cummins, Steve Smith, David Warner",Chris Gaffaney,Marais Erasmus
980985,Mumbai,2016-05-13,2016,43,Pakistan,Bangladesh,Adelaide Oval,Bangladesh,bat,N,New Zealand,Wickets,7.0,,Trent Boult,"Shakib Al Hasan, Tamim Iqbal, Mustafizur Rahman","Kane Williamson, Trent Boult, Devon Conway",Marais Erasmus,Kumar Dharmasena
980983,Mumbai,2016-05-12,2016,42,South Africa,Australia,Eden Gardens,England,field,N,West Indies,Wickets,7.0,,Jason Holder,"Joe Root, Ben Stokes, Jos Buttler","Nicholas Pooran, Jason Holder, Shimron Hetmyer",Richard Kettleborough,Rod Tucker
980981,Ahmedabad,2016-05-11,2016,41,West Indies,Sri Lanka,Narendra Modi Stadium,West Indies,field,N,West Indies,Wickets,6.0,,Jason Holder,"Nicholas Pooran, Jason Holder, Shimron Hetmyer","Shakib Al Hasan, Tamim Iqbal, Mustafizur Rahman",Paul Reiffel,Marais Erasmus
980979,Manchester,2016-05-10,2016,40,India,Pakistan,Narendra Modi Stadium,Australia,bat,N,Australia,Runs,4.0,,Steve Smith,"Nicholas Pooran, Jason Holder, Shimron Hetmyer","Pat Cummins, Steve Smith, David Warner",Aleem Dar,Kumar Dharmasena
980977,Mumbai,2016-05-09,2016,39,Sri Lanka,South Africa,Gaddafi Stadium,West Indies,field,N,South Africa,Runs,1.0,,Kagiso Rabada,"Nicholas Pooran, Jason Holder, Shimron Hetmyer","Quinton de Kock, Kagiso Rabada, Aiden Markram",Chris Gaffaney,Marais Erasmus
980975,Adelaide,2016-05-08,2016,38,New Zealand,South Africa,Wankhede Stadium,South Africa,field,N,South Africa,Wickets,5.0,,Kagiso Rabada,"Virat Kohli, Rohit Sharma, Jasprit Bumrah","Quinton de Kock, Kagiso Rabada, Aiden Markram",Richard Kettleborough,Paul Reiffel
980973,London,2016-05-08,2016,37,Australia,Bangladesh,The Oval,Sri Lanka,field,N,Sri Lanka,Runs,85.0,,Kusal Mendis,"Kane Williamson, Trent Boult, Devon Conway","Wanindu Hasaranga, Kusal Mendis, Pathum Nissanka",Marais Erasmus,Paul Reiffel
980971,Dhaka,2016-05-07,2016,36,India,Pakistan,Old Trafford Cricket Ground,South Africa,field,N,South Africa,Runs,9.0,,Kagiso Rabada,"Nicholas Pooran, Jason Holder, Shimron Hetmyer","Quinton de Kock, Kagiso Rabada, Aiden Markram",Paul Reiffel,Nitin Menon
980969,Manchester,2016-05-07,2016,35,Australia,England,The Oval,Pakistan,field,N,Pakistan,Wickets,7.0,,Mohammad Rizwan,"Babar Azam, Shaheen Afridi, Mohammad Rizwan","Kane Williamson, Trent Boult, Devon Conway",Nitin Menon,Aleem Dar
980967,Sydney,2016-05-06,2016,34,Sri Lanka,New Zealand,Gaddafi Stadium,Afghanistan,field,N,Australia,Wickets,5.0,,Steve Smith,"Pat Cummins, Steve Smith, David Warner","Rashid Khan, Rahmanullah Gurbaz, Mohammad Nabi",Nitin Menon,Kumar Dharmasena
980965,Adelaide,2016-05-05,2016,33,India,Pakistan,Sher-e-Bangla National Stadium,England,field,N,England,Wickets,7.0,,Joe Root,"Joe Root, Ben Stokes, Jos Buttler","Babar Azam, Shaheen Afridi, Mohammad Rizwan",Rod Tucker,Aleem Dar
980963,Mumbai,2016-05-04,2016,32,Sri Lanka,South Africa,Wankhede Stadium,Sri Lanka,field,N,West Indies,Runs,7.0,,Shimron Hetmyer,"Nicholas Pooran, Jason Holder, Shimron Hetmyer","Wanindu Hasaranga, Kusal Mendis, Pathum Nissanka",Chris Gaffaney,Marais Erasmus
980961,Sydney,2016-05-03,2016,31,Bangladesh,England,Melbourne Cricket Ground,New Zealand,field,N,Sri Lanka,Wickets,8.0,,Wanindu Hasaranga,"Kane Williamson, Trent Boult, Devon Conway","Wanindu Hasaranga, Kusal Mendis, Pathum Nissanka",Paul Reiffel,Kumar Dharmasena
980959,Sydney,2016-05-02,2016,30,Australia,Bangladesh,Melbourne Cricket Ground,South Africa,field,N,West Indies,Wickets,5.0,,Jason Holder,"Nicholas Pooran, Jason Holder, Shimron Hetmyer","Quinton de Kock, Kagiso Rabada, Aiden Markram",Paul Reiffel,Chris Gaffaney
980955,Mumbai,2016-05-01,2016,28,West Indies,Australia,Melbourne Cricket Ground,Afghanistan,field,N,Afghanistan,Runs,23.0,,Mohammad Nabi,"Rashid Khan, Rahmanullah Gurbaz, Mohammad Nabi","Quinton de Kock, Kagiso Rabada, Aiden Markram",Nitin Menon,Richard Kettleborough
980957,Adelaide,2016-05-01,2016,29,England,Australia,Sher-e-Bangla National Stadium,South Africa,field,N,South Africa,Wickets,8.0,,Aiden Markram,"Quinton de Kock, Kagiso Rabada, Aiden Markram","Joe Root, Ben Stokes, Jos Buttler",Aleem Dar,Chris Gaffaney
980951,London,2016-04-30,2016,26,Afghanistan,England,Narendra Modi Stadium,Afghanistan,field,N,Afghanistan,Runs,27.0,,Rahmanullah Gurbaz,"Rashid Khan, Rahmanullah Gurbaz, Mohammad Nabi","Pat Cummins, Steve Smith, David Warner",Chris Gaffaney,Marais Erasmus
980953,Mumbai,2016-04-30,2016,27,South Africa,Afghanistan,Eden Gardens,Afghanistan,field,N,Sri Lanka,Runs,15.0,,Kusal Mendis,"Wanindu Hasaranga, Kusal Mendis, Pathum Nissanka","Rashid Khan, Rahmanullah Gurbaz, Mohammad Nabi",Nitin Menon,Paul Reiffel
980949,Ahmedabad,2016-04-29,2016,25,Afghanistan,England,Adelaide Oval,Sri Lanka,field,N,New Zealand,Wickets,3.0,,Trent Boult,"Wanindu Hasaranga, Kusal Mendis, Pathum Nissanka","Kane Williamson, Trent Boult, Devon Conway",Nitin Menon,Paul Reiffel
980947,Lahore,2016-04-28,2016,24,Afghanistan,Bangladesh,Eden Gardens,India,field,N,West Indies,Wickets,6.0,,Shimron Hetmyer,"Nicholas Pooran, Jason Holder, Shimron Hetmyer","Virat Kohli, Rohit Sharma, Jasprit Bumrah",Kumar Dharmasena,Nitin Menon
980945,Melbourne,2016-04-27,2016,23,Afghanistan,South Africa,Sher-e-Bangla National Stadium,England,field,N,England,Runs,1.0,,Jos Buttler,"Quinton de Kock, Kagiso Rabada, Aiden Markram","Joe Root, Ben Stokes, Jos Buttler",Aleem Dar,Richard Kettleborough
980943,Lahore,2016-04-26,2016,22,Australia,England,Wankhede Stadium,Australia,field,N,Australia,Runs,34.0,D/L,Pat Cummins,"Virat Kohli, Rohit Sharma, Jasprit Bumrah","Pat Cummins, Steve Smith, David Warner",Paul Reiffel,Marais Erasmus
980941,Manchester,2016-04-25,2016,21,Australia,Pakistan,Sher-e-Bangla National Stadium,England,field,N,South Africa,Runs,25.0,,Kagiso Rabada,"Joe Root, Ben Stokes, Jos Buttler","Quinton de Kock, Kagiso Rabada, Aiden Markram",Chris Gaffaney,Aleem Dar
980939,Sydney,2016-04-24,2016,20,South Africa,New Zealand,Melbourne Cricket Ground,England,field,N,England,Wickets,2.0,,Joe Root,"Joe Root, Ben Stokes, Jos Buttler","Kane Williamson, Trent Boult, Devon Conway",Aleem Dar,Paul Reiffel
980937,Manchester,2016-04-24,2016,19,Australia,India,Eden Gardens,Afghanistan,bat,N,Afghanistan,Wickets,6.0,,Rahmanullah Gurbaz,"Kane Williamson, Trent Boult, Devon Conway","Rashid Khan, Rahmanullah Gurbaz, Mohammad Nabi",Paul Reiffel,Kumar Dharmasena
980935,Lahore,2016-04-23,2016,18,New Zealand,Pakistan,Eden Gardens,Afghanistan,field,N,Afghanistan,Wickets,5.0,,Mohammad Nabi,"Rashid Khan, Rahmanullah Gurbaz, Mohammad Nabi","Quinton de Kock, Kagiso Rabada, Aiden Markram",Marais Erasmus,Rod Tucker
980933,Ahmedabad,2016-04-23,2016,17,South Africa,New Zealand,Narendra Modi Stadium,Bangladesh,field,N,England,Runs,10.0,,Ben Stokes,"Joe Root, Ben Stokes, Jos Buttler","Shakib Al Hasan, Tamim Iqbal, Mustafizur Rahman",Paul Reiffel,Richard Kettleborough
980931,Dhaka,2016-04-22,2016,16,Afghanistan,Australia,Gaddafi Stadium,England,field,N,South Africa,Runs,13.0,,Aiden Markram,"Quinton de Kock, Kagiso Rabada, Aiden Markram","Joe Root, Ben Stokes, Jos Buttler",Richard Kettleborough,Aleem Dar
980929,Lahore,2016-04-21,2016,15,New Zealand,Bangladesh,Eden Gardens,Australia,field,N,Australia,Wickets,10.0,,Steve Smith,"Kane Williamson, Trent Boult, Devon Conway","Pat Cummins, Steve Smith, David Warner",Kumar Dharmasena,Nitin Menon
980927,Mumbai,2016-04-20,2016,14,Bangladesh,Sri Lanka,Wankhede Stadium,Afghanistan,field,N,Sri Lanka,Wickets,6.0,,Pathum Nissanka,"Rashid Khan, Rahmanullah Gurbaz, Mohammad Nabi","Wanindu Hasaranga, Kusal Mendis, Pathum Nissanka",Paul Reiffel,Richard Kettleborough
980925,Adelaide,2016-04-19,2016,13,West Indies,Sri Lanka,Gaddafi Stadium,Australia,field,N,Australia,Wickets,6.0,,Steve Smith,"Virat Kohli, Rohit Sharma, Jasprit Bumrah","Pat Cummins, Steve Smith, David Warner",Aleem Dar,Rod Tucker
980923,Dhaka,2016-04-18,2016,12,Pakistan,New Zealand,Old Trafford Cricket Ground,Pakistan,field,N,South Africa,Wickets,7.0,,Kagiso Rabada,"Quinton de Kock, Kagiso Rabada, Aiden Markram","Babar Azam, Shaheen Afridi, Mohammad Rizwan",Nitin Menon,Marais Erasmus
980921,Adelaide,2016-04-17,2016,11,Australia,Bangladesh,Eden Gardens,South Africa,field,N,New Zealand,Wickets,7.0,,Devon Conway,"Kane Williamson, Trent Boult, Devon Conway","Quinton de Kock, Kagiso Rabada, Aiden Markram",Aleem Dar,Chris Gaffaney
980919,Ahmedabad,2016-04-17,2016,10,West Indies,Bangladesh,Adelaide Oval,Pakistan,bat,N,Afghanistan,Wickets,6.0,,Rahmanullah Gurbaz,"Rashid Khan, Rahmanullah Gurbaz, Mohammad Nabi","Babar Azam, Shaheen Afridi, Mohammad Rizwan",Rod Tucker,Paul Reiffel
980917,London,2016-04-16,2016,9,New Zealand,Australia,The Oval,Pakistan,field,N,Australia,Wickets,3.0,,David Warner,"Pat Cummins, Steve Smith, David Warner","Babar Azam, Shaheen Afridi, Mohammad Rizwan",Aleem Dar,Chris Gaffaney
980915,Manchester,2016-04-16,2016,8,New Zealand,South Africa,Gaddafi Stadium,Sri Lanka,bat,N,India,Wickets,8.0,,Rohit Sharma,"Virat Kohli, Rohit Sharma, Jasprit Bumrah","Wanindu Hasaranga, Kusal Mendis, Pathum Nissanka",Chris Gaffaney,Rod Tucker
980913,Sydney,2016-04-15,2016,7,Bangladesh,West Indies,Sher-e-Bangla National Stadium,West Indies,field,N,Australia,Wickets,8.0,,David Warner,"Pat Cummins, Steve Smith, David Warner","Nicholas Pooran, Jason Holder, Shimron Hetmyer",Chris Gaffaney,Aleem Dar
980911,Dhaka,2016-04-14,2016,6,Afghanistan,India,Eden Gardens,Afghanistan,bat,N,Afghanistan,Wickets,7.0,,Rahmanullah Gurbaz,"Rashid Khan, Rahmanullah Gurbaz, Mohammad Nabi","Virat Kohli, Rohit Sharma, Jasprit Bumrah",Nitin Menon,Rod Tucker
980909,Kolkata,2016-04-13,2016,5,England,New Zealand,Narendra Modi Stadium,Sri Lanka,field,N,India,Wickets,6.0,,Jasprit Bumrah,"Virat Kohli, Rohit Sharma, Jasprit Bumrah","Wanindu Hasaranga, Kusal Mendis, Pathum Nissanka",Aleem Dar,Rod Tucker
980907,Lahore,2016-04-12,2016,4,England,Afghanistan,Adelaide Oval,India,field,N,England,Runs,45.0,,Ben Stokes,"Joe Root, Ben Stokes, Jos Buttler","Virat Kohli, Rohit Sharma, Jasprit Bumrah",Richard Kettleborough,Chris Gaffaney
980905,Kolkata,2016-04-11,2016,3,Afghanistan,South Africa,The Oval,Pakistan,field,N,India,Wickets,5.0,,Rohit Sharma,"Babar Azam, Shaheen Afridi, Mohammad Rizwan","Virat Kohli, Rohit Sharma, Jasprit Bumrah",Nitin Menon,Rod Tucker
980903,Melbourne,2016-04-10,2016,2,Sri Lanka,Bangladesh,Melbourne Cricket Ground,India,field,N,India,Wickets,9.0,,Jasprit Bumrah,"Virat Kohli, Rohit Sharma, Jasprit Bumrah","Quinton de Kock, Kagiso Rabada, Aiden Markram",Richard Kettleborough,Kumar Dharmasena
980901,Kolkata,2016-04-09,2016,1,Australia,Sri Lanka,Sher-e-Bangla National Stadium,England,bat,N,England,Wickets,9.0,,Joe Root,"Joe Root, Ben Stokes, Jos Buttler","Quinton de Kock, Kagiso Rabada, Aiden Markram",Marais Erasmus,Richard Kettleborough
829823,Manchester,2015-05-24,2015,Final,South Africa,England,Lord's Cricket Ground,Pakistan,field,N,England,Runs,41.0,,Joe Root,"Babar Azam, Shaheen Afridi, Mohammad Rizwan","Joe Root, Ben Stokes, Jos Buttler",Chris Gaffaney,Kumar Dharmasena
829821,Lahore,2015-05-22,2015,Qualifier 2,Pakistan,India,Gaddafi Stadium,New Zealand,field,N,India,Wickets,3.0,,Virat Kohli,"Kane Williamson, Trent Boult, Devon Conway","Virat Kohli, Rohit Sharma, Jasprit Bumrah",Rod Tucker,Kumar Dharmasena
829819,Sydney,2015-05-20,2015,Eliminator,Australia,West Indies,Melbourne Cricket Ground,Australia,bat,N,Australia,Runs,71.0,,David Warner,"Quinton de Kock, Kagiso Rabada, Aiden Markram","Pat Cummins, Steve Smith, David Warner",Nitin Menon,Rod Tucker
829817,Kolkata,2015-05-19,2015,Qualifier 1,New Zealand,Bangladesh,Sher-e-Bangla National Stadium,West Indies,bat,N,New Zealand,Runs,25.0,,Trent Boult,"Kane Williamson, Trent Boult, Devon Conway","Nicholas Pooran, Jason Holder, Shimron Hetmyer",Richard Kettleborough,Rod Tucker
829813,Adelaide,2015-05-17,2015,55,Australia,England,Wankhede Stadium,Australia,field,,Australia,NoResults,,,Pat Cummins,"Rashid Khan, Rahmanullah Gurbaz, Mohammad Nabi","Pat Cummins, Steve Smith, David Warner",Nitin Menon,Aleem Dar
829815,Kolkata,2015-05-17,2015,56,New Zealand,England,The Oval,England,bat,N,West Indies,Wickets,9.0,,Jason Holder,"Nicholas Pooran, Jason Holder, Shimron Hetmyer","Joe Root, Ben Stokes, Jos Buttler",Aleem Dar,Richard Kettleborough
829811,Lahore,2015-05-16,2015,54,Bangladesh,England,Adelaide Oval,New Zealand,bat,N,India,Runs,9.0,,Jasprit Bumrah,"Virat Kohli, Rohit Sharma, Jasprit Bumrah","Kane Williamson, Trent Boult, Devon Conway",Rod Tucker,Aleem Dar
829809,Sydney,2015-05-16,2015,53,India,Sri Lanka,Old Trafford Cricket Ground,Bangladesh,bat,N,India,Wickets,7.0,,Virat Kohli,"Shakib Al Hasan, Tamim Iqbal, Mustafizur Rahman","Virat Kohli, Rohit Sharma, Jasprit Bumrah",Paul Reiffel,Richard Kettleborough
829807,London,2015-05-15,2015,52,Australia,South Africa,Eden Gardens,Pakistan,bat,N,Pakistan,Wickets,6.0,D/L,Babar Azam,"Babar Azam, Shaheen Afridi, Mohammad Rizwan","Joe Root, Ben Stokes, Jos Buttler",Aleem Dar,Chris Gaffaney
829805,London,2015-05-14,2015,51,Australia,India,Lord's Cricket Ground,Bangladesh,field,N,Pakistan,Runs,5.0,,Shaheen Afridi,"Shakib Al Hasan, Tamim Iqbal, Mustafizur Rahman","Babar Azam, Shaheen Afridi, Mohammad Rizwan",Kumar Dharmasena,Chris Gaffaney
829803,Manchester,2015-05-13,2015,50,Bangladesh,Afghanistan,Gaddafi Stadium,Afghanistan,field,N,Pakistan,Runs,22.0,,Shaheen Afridi,"Rashid Khan, Rahmanullah Gurbaz, Mohammad Nabi","Babar Azam, Shaheen Afridi, Mohammad Rizwan",Marais Erasmus,Kumar Dharmasena
829801,Mumbai,2015-05-12,2015,49,Sri Lanka,Pakistan,Sher-e-Bangla National Stadium,Pakistan,bat,N,New Zealand,Wickets,6.0,,Trent Boult,"Babar Azam, Shaheen Afridi, Mohammad Rizwan","Kane Williamson, Trent Boult, Devon Conway",Kumar Dharmasena,Chris Gaffaney
829799,Lahore,2015-05-11,2015,48,India,South Africa,The Oval,India,bat,N,India,Runs,5.0,,Virat Kohli,"Wanindu Hasaranga, Kusal Mendis, Pathum Nissanka","Virat Kohli, Rohit Sharma, Jasprit Bumrah",Marais Erasmus,Aleem Dar
829797,Manchester,2015-05-10,2015,47,Bangladesh,India,Eden Gardens,England,bat,N,Australia,Runs,12.0,,Steve Smith,"Joe Root, Ben Stokes, Jos Buttler","Pat Cummins, Steve Smith, David Warner",Chris Gaffaney,Richard Kettleborough
829795,Mumbai,2015-05-10,2015,46,South Africa,West Indies,Wankhede Stadium,England,bat,N,Bangladesh,Runs,39.0,,Mustafizur Rahman,"Shakib Al Hasan, Tamim Iqbal, Mustafizur Rahman","Joe Root, Ben Stokes, Jos Buttler",Paul Reiffel,Richard Kettleborough
829793,Adelaide,2015-05-09,2015,45,Sri Lanka,Afghanistan,Eden Gardens,Sri Lanka,bat,N,Bangladesh,Runs,6.0,,Mustafizur Rahman,"Wanindu Hasaranga, Kusal Mendis, Pathum Nissanka","Shakib Al Hasan, Tamim Iqbal, Mustafizur Rahman",Marais Erasmus,Kumar Dharmasena
829791,Manchester,2015-05-09,2015,44,Afghanistan,West Indies,Melbourne Cricket Ground,England,bat,N,England,Wickets,1.0,,Jos Buttler,"Virat Kohli, Rohit Sharma, Jasprit Bumrah","Joe Root, Ben Stokes, Jos Buttler",Chris Gaffaney,Aleem Dar
829789,Mumbai,2015-05-08,2015,43,New Zealand,West Indies,Old Trafford Cricket Ground,England,bat,N,Australia,Wickets,6.0,,Pat Cummins,"Joe Root, Ben Stokes, Jos Buttler","Pat Cummins, Steve Smith, David Warner",Aleem Dar,Paul Reiffel
829787,Sydney,2015-05-07,2015,41,England,Australia,The Oval,India,field,N,Australia,Runs,7.0,,David Warner,"Virat Kohli, Rohit Sharma, Jasprit Bumrah","Pat Cummins, Steve Smith, David Warner",Kumar Dharmasena,Rod Tucker
829761,Lahore,2015-05-07,2015,42,South Africa,India,Sher-e-Bangla National Stadium,Australia,bat,N,New Zealand,Runs,13.0,,Devon Conway,"Kane Williamson, Trent Boult, Devon Conway","Pat Cummins, Steve Smith, David Warner",Kumar Dharmasena,Marais Erasmus
829785,Adelaide,2015-05-06,2015,40,Pakistan,West Indies,Lord's Cricket Ground,Pakistan,field,N,Pakistan,Runs,138.0,,Babar Azam,"Babar Azam, Shaheen Afridi, Mohammad Rizwan","Rashid Khan, Rahmanullah Gurbaz, Mohammad Nabi",Aleem Dar,Kumar Dharmasena
829783,London,2015-05-05,2015,39,Bangladesh,Australia,Eden Gardens,Pakistan,bat,N,Pakistan,Wickets,5.0,,Shaheen Afridi,"Shakib Al Hasan, Tamim Iqbal, Mustafizur Rahman","Babar Azam, Shaheen Afridi, Mohammad Rizwan",Rod Tucker,Aleem Dar
829781,London,2015-05-04,2015,38,India,England,Melbourne Cricket Ground,New Zealand,field,N,Bangladesh,Runs,35.0,,Tamim Iqbal,"Shakib Al Hasan, Tamim Iqbal, Mustafizur Rahman","Kane Williamson, Trent Boult, Devon Conway",Paul Reiffel,Kumar Dharmasena
829779,Melbourne,2015-05-04,2015,37,South Africa,Australia,Melbourne Cricket Ground,Pakistan,bat,N,Pakistan,Runs,24.0,,Babar Azam,"Babar Azam, Shaheen Afridi, Mohammad Rizwan","Pat Cummins, Steve Smith, David Warner",Richard Kettleborough,Chris Gaffaney
829775,Lahore,2015-05-03,2015,35,Pakistan,Afghanistan,Lord's Cricket Ground,Sri Lanka,bat,N,West Indies,Runs,23.0,,Shimron Hetmyer,"Wanindu Hasaranga, Kusal Mendis, Pathum Nissanka","Nicholas Pooran, Jason Holder, Shimron Hetmyer",Rod Tucker,Marais Erasmus
829777,Mumbai,2015-05-03,2015,36,Afghanistan,Bangladesh,Wankhede Stadium,India,field,N,Sri Lanka,Runs,14.0,,Kusal Mendis,"Virat Kohli, Rohit Sharma, Jasprit Bumrah","Wanindu Hasaranga, Kusal Mendis, Pathum Nissanka",Rod Tucker,Aleem Dar
829771,Dhaka,2015-05-02,2015,33,South Africa,England,Gaddafi Stadium,New Zealand,field,N,West Indies,Wickets,7.0,,Shimron Hetmyer,"Nicholas Pooran, Jason Holder, Shimron Hetmyer","Kane Williamson, Trent Boult, Devon Conway",Richard Kettleborough,Paul Reiffel
829773,Dhaka,2015-05-02,2015,34,New Zealand,England,Gaddafi Stadium,Sri Lanka,field,N,England,Runs,22.0,,Joe Root,"Joe Root, Ben Stokes, Jos Buttler","Wanindu Hasaranga, Kusal Mendis, Pathum Nissanka",Rod Tucker,Paul Reiffel
829769,Ahmedabad,2015-05-01,2015,32,Sri Lanka,West Indies,Lord's Cricket Ground,England,field,N,England,Runs,8.0,,Ben Stokes,"Joe Root, Ben Stokes, Jos Buttler","Rashid Khan, Rahmanullah Gurbaz, Mohammad Nabi",Aleem Dar,Paul Reiffel
829767,London,2015-05-01,2015,31,West Indies,Sri Lanka,The Oval,Australia,field,N,Sri Lanka,Wickets,9.0,,Wanindu Hasaranga,"Wanindu Hasaranga, Kusal Mendis, Pathum Nissanka","Pat Cummins, Steve Smith, David Warner",Richard Kettleborough,Rod Tucker
829723,Mumbai,2015-04-30,2015,30,Sri Lanka,Pakistan,Melbourne Cricket Ground,Australia,field,N,Australia,Wickets,7.0,,Steve Smith,"Pat Cummins, Steve Smith, David Warner","Virat Kohli, Rohit Sharma, Jasprit Bumrah",Chris Gaffaney,Aleem Dar
829763,Adelaide,2015-04-29,2015,29,New Zealand,Pakistan,Gaddafi Stadium,Bangladesh,field,,India,NoResults,,,Virat Kohli,"Shakib Al Hasan, Tamim Iqbal, Mustafizur Rahman","Virat Kohli, Rohit Sharma, Jasprit Bumrah",Rod Tucker,Chris Gaffaney
829765,Sydney,2015-04-28,2015,28,South Africa,England,Narendra Modi Stadium,New Zealand,field,N,England,Runs,2.0,,Jos Buttler,"Kane Williamson, Trent Boult, Devon Conway","Joe Root, Ben Stokes, Jos Buttler",Kumar Dharmasena,Marais Erasmus
829759,Adelaide,2015-04-27,2015,27,Australia,Bangladesh,Wankhede Stadium,West Indies,field,N,West Indies,Runs,20.0,,Shimron Hetmyer,"Quinton de Kock, Kagiso Rabada, Aiden Markram","Nicholas Pooran, Jason Holder, Shimron Hetmyer",Chris Gaffaney,Marais Erasmus
829757,Adelaide,2015-04-26,2015,26,Pakistan,Sri Lanka,Adelaide Oval,India,field,N,India,Wickets,10.0,,Rohit Sharma,"Virat Kohli, Rohit Sharma, Jasprit Bumrah","Pat Cummins, Steve Smith, David Warner",Rod Tucker,Chris Gaffaney
829753,London,2015-04-25,2015,24,Bangladesh,England,Melbourne Cricket Ground,England,bat,N,England,Runs,97.0,,Jos Buttler,"Joe Root, Ben Stokes, Jos Buttler","Virat Kohli, Rohit Sharma, Jasprit Bumrah",Kumar Dharmasena,Paul Reiffel
829751,London,2015-04-25,2015,23,Sri Lanka,New Zealand,Eden Gardens,South Africa,bat,N,England,Runs,20.0,,Joe Root,"Joe Root, Ben Stokes, Jos Buttler","Quinton de Kock, Kagiso Rabada, Aiden Markram",Chris Gaffaney,Aleem Dar
829749,Mumbai,2015-04-24,2015,22,England,Australia,Sher-e-Bangla National Stadium,Afghanistan,field,N,Afghanistan,Wickets,9.0,,Mohammad Nabi,"Rashid Khan, Rahmanullah Gurbaz, Mohammad Nabi","Pat Cummins, Steve Smith, David Warner",Paul Reiffel,Aleem Dar
829747,Dhaka,2015-04-23,2015,21,South Africa,Bangladesh,Sher-e-Bangla National Stadium,South Africa,field,N,South Africa,Runs,37.0,,Kagiso Rabada,"Rashid Khan, Rahmanullah Gurbaz, Mohammad Nabi","Quinton de Kock, Kagiso Rabada, Aiden Markram",Paul Reiffel,Nitin Menon
829743,Manchester,2015-04-22,2015,19,Afghanistan,Bangladesh,Lord's Cricket Ground,South Africa,field,N,Afghanistan,Runs,16.0,D/L,Rashid Khan,"Quinton de Kock, Kagiso Rabada, Aiden Markram","Rashid Khan, Rahmanullah Gurbaz, Mohammad Nabi",Richard Kettleborough,Kumar Dharmasena
829745,Sydney,2015-04-22,2015,20,South Africa,Afghanistan,The Oval,India,field,N,India,Runs,27.0,,Rohit Sharma,"Virat Kohli, Rohit Sharma, Jasprit Bumrah","Nicholas Pooran, Jason Holder, Shimron Hetmyer",Nitin Menon,Chris Gaffaney
829741,Melbourne,2015-04-21,2015,18,Afghanistan,Sri Lanka,Narendra Modi Stadium,Australia,field,Y,South Africa,SuperOver,,,Quinton de Kock,"Pat Cummins, Steve Smith, David Warner","Quinton de Kock, Kagiso Rabada, Aiden Markram",Chris Gaffaney,Richard Kettleborough
829739,Lahore,2015-04-20,2015,17,Bangladesh,England,Eden Gardens,Australia,field,N,Australia,Wickets,6.0,,David Warner,"Virat Kohli, Rohit Sharma, Jasprit Bumrah","Pat Cummins, Steve Smith, David Warner",Nitin Menon,Rod Tucker
829735,Mumbai,2015-04-19,2015,15,West Indies,Bangladesh,Eden Gardens,New Zealand,bat,N,South Africa,Wickets,8.0,,Aiden Markram,"Quinton de Kock, Kagiso Rabada, Aiden Markram","Kane Williamson, Trent Boult, Devon Conway",Kumar Dharmasena,Richard Kettleborough
829737,Sydney,2015-04-19,2015,16,England,Australia,The Oval,West Indies,field,N,West Indies,Runs,18.0,,Jason Holder,"Quinton de Kock, Kagiso Rabada, Aiden Markram","Nicholas Pooran, Jason Holder, Shimron Hetmyer",Paul Reiffel,Kumar Dharmasena
829731,Adelaide,2015-04-18,2015,13,South Africa,Bangladesh,The Oval,Afghanistan,bat,N,Afghanistan,Runs,4.0,,Rashid Khan,"Pat Cummins, Steve Smith, David Warner","Rashid Khan, Rahmanullah Gurbaz, Mohammad Nabi",Paul Reiffel,Marais Erasmus
829733,Sydney,2015-04-18,2015,14,India,Bangladesh,Old Trafford Cricket Ground,South Africa,field,N,Pakistan,Wickets,4.0,,Babar Azam,"Quinton de Kock, Kagiso Rabada, Aiden Markram","Babar Azam, Shaheen Afridi, Mohammad Rizwan",Kumar Dharmasena,Chris Gaffaney
829729,Lahore,2015-04-17,2015,12,Australia,Pakistan,Adelaide Oval,Afghanistan,bat,N,Afghanistan,Wickets,6.0,,Rashid Khan,"Rashid Khan, Rahmanullah Gurbaz, Mohammad Nabi","Babar Azam, Shaheen Afridi, Mohammad Rizwan",Rod Tucker,Richard Kettleborough
829727,Melbourne,2015-04-16,2015,11,South Africa,West Indies,Lord's Cricket Ground,Afghanistan,field,N,India,Wickets,6.0,,Jasprit Bumrah,"Rashid Khan, Rahmanullah Gurbaz, Mohammad Nabi","Virat Kohli, Rohit Sharma, Jasprit Bumrah",Nitin Menon,Marais Erasmus
829725,Sydney,2015-04-15,2015,10,West Indies,Sri Lanka,Old Trafford Cricket Ground,Australia,bat,N,West Indies,Wickets,5.0,,Jason Holder,"Nicholas Pooran, Jason Holder, Shimron Hetmyer","Pat Cummins, Steve Smith, David Warner",Nitin Menon,Rod Tucker
829721,Adelaide,2015-04-14,2015,9,Bangladesh,Pakistan,Sher-e-Bangla National Stadium,England,bat,N,England,Wickets,7.0,,Joe Root,"Joe Root, Ben Stokes, Jos Buttler","Shakib Al Hasan, Tamim Iqbal, Mustafizur Rahman",Kumar Dharmasena,Aleem Dar
829719,Ahmedabad,2015-04-13,2015,8,West Indies,Pakistan,Melbourne Cricket Ground,Sri Lanka,field,N,Sri Lanka,Wickets,8.0,,Wanindu Hasaranga,"Wanindu Hasaranga, Kusal Mendis, Pathum Nissanka","Kane Williamson, Trent Boult, Devon Conway",Aleem Dar,Chris Gaffaney
829717,Melbourne,2015-04-12,2015,7,India,Bangladesh,Sher-e-Bangla National Stadium,South Africa,field,N,New Zealand,Runs,18.0,,Kane Williamson,"Quinton de Kock, Kagiso Rabada, Aiden Markram","Kane Williamson, Trent Boult, Devon Conway",Rod Tucker,Chris Gaffaney
829715,Sydney,2015-04-12,2015,6,Sri Lanka,Afghanistan,Melbourne Cricket Ground,England,field,N,India,Wickets,3.0,,Jasprit Bumrah,"Virat Kohli, Rohit Sharma, Jasprit Bumrah","Joe Root, Ben Stokes, Jos Buttler",Richard Kettleborough,Marais Erasmus
829713,Manchester,2015-04-11,2015,5,Afghanistan,India,Gaddafi Stadium,New Zealand,field,N,Afghanistan,Wickets,3.0,,Rahmanullah Gurbaz,"Kane Williamson, Trent Boult, Devon Conway","Rashid Khan, Rahmanullah Gurbaz, Mohammad Nabi",Kumar Dharmasena,Rod Tucker
829711,Melbourne,2015-04-11,2015,4,Sri Lanka,Pakistan,Eden Gardens,England,bat,N,England,Runs,45.0,,Joe Root,"Shakib Al Hasan, Tamim Iqbal, Mustafizur Rahman","Joe Root, Ben Stokes, Jos Buttler",Marais Erasmus,Paul Reiffel
829709,Sydney,2015-04-10,2015,3,Australia,Sri Lanka,Old Trafford Cricket Ground,Australia,field,N,Afghanistan,Runs,26.0,,Rashid Khan,"Pat Cummins, Steve Smith, David Warner","Rashid Khan, Rahmanullah Gurbaz, Mohammad Nabi",Aleem Dar,Rod Tucker
829707,Dhaka,2015-04-09,2015,2,Afghanistan,South Africa,The Oval,Australia,field,N,India,Runs,1.0,,Rohit Sharma,"Virat Kohli, Rohit Sharma, Jasprit Bumrah","Pat Cummins, Steve Smith, David Warner",Chris Gaffaney,Richard Kettleborough
829705,Melbourne,2015-04-08,2015,1,Pakistan,Bangladesh,Wankhede Stadium,India,field,N,Bangladesh,Wickets,7.0,,Mustafizur Rahman,"Virat Kohli, Rohit Sharma, Jasprit Bumrah","Shakib Al Hasan, Tamim Iqbal, Mustafizur Rahman",Chris Gaffaney,Nitin Menon
734049,Kolkata,2014-06-01,2014,Final,Bangladesh,West Indies,Old Trafford Cricket Ground,Pakistan,field,N,Pakistan,Wickets,3.0,,Shaheen Afridi,"Quinton de Kock, Kagiso Rabada, Aiden Markram","Babar Azam, Shaheen Afridi, Mohammad Rizwan",Rod Tucker,Chris Gaffaney
734047,Manchester,2014-05-30,2014,Qualifier 2,Sri Lanka,South Africa,Wankhede Stadium,Australia,field,N,England,Runs,24.0,,Ben Stokes,"Joe Root, Ben Stokes, Jos Buttler","Pat Cummins, Steve Smith, David Warner",Paul Reiffel,Rod Tucker
734045,London,2014-05-28,2014,Eliminator,Sri Lanka,England,Wankhede Stadium,Afghanistan,field,N,India,Wickets,7.0,,Virat Kohli,"Virat Kohli, Rohit Sharma, Jasprit Bumrah","Rashid Khan, Rahmanullah Gurbaz, Mohammad Nabi",Nitin Menon,Marais Erasmus
734043,Kolkata,2014-05-27,2014,Qualifier 1,Australia,Pakistan,Lord's Cricket Ground,England,field,N,England,Runs,28.0,,Ben Stokes,"Rashid Khan, Rahmanullah Gurbaz, Mohammad Nabi","Joe Root, Ben Stokes, Jos Buttler",Richard Kettleborough,Nitin Menon
734041,London,2014-05-25,2014,56,India,South Africa,The Oval,Australia,field,N,Australia,Wickets,5.0,,David Warner,"Pat Cummins, Steve Smith, David Warner","Kane Williamson, Trent Boult, Devon Conway",Richard Kettleborough,Paul Reiffel
734039,Dhaka,2014-05-25,2014,55,New Zealand,India,Sher-e-Bangla National Stadium,Afghanistan,field,N,West Indies,Wickets,7.0,,Jason Holder,"Rashid Khan, Rahmanullah Gurbaz, Mohammad Nabi","Nicholas Pooran, Jason Holder, Shimron Hetmyer",Kumar Dharmasena,Marais Erasmus
734035,Manchester,2014-05-24,2014,53,Afghanistan,India,The Oval,Sri Lanka,field,N,Sri Lanka,Wickets,8.0,,Wanindu Hasaranga,"Babar Azam, Shaheen Afridi, Mohammad Rizwan","Wanindu Hasaranga, Kusal Mendis, Pathum Nissanka",Nitin Menon,Marais Erasmus
734037,Adelaide,2014-05-24,2014,54,Bangladesh,Sri Lanka,Eden Gardens,Bangladesh,field,N,Bangladesh,Wickets,4.0,,Tamim Iqbal,"Shakib Al Hasan, Tamim Iqbal, Mustafizur Rahman","Virat Kohli, Rohit Sharma, Jasprit Bumrah",Paul Reiffel,Aleem Dar
734031,London,2014-05-23,2014,51,South Africa,Afghanistan,Eden Gardens,South Africa,field,N,Australia,Runs,15.0,,David Warner,"Pat Cummins, Steve Smith, David Warner","Quinton de Kock, Kagiso Rabada, Aiden Markram",Kumar Dharmasena,Rod Tucker
734033,Sydney,2014-05-23,2014,52,Bangladesh,New Zealand,Wankhede Stadium,West Indies,field,N,Afghanistan,Runs,16.0,,Rahmanullah Gurbaz,"Rashid Khan, Rahmanullah Gurbaz, Mohammad Nabi","Nicholas Pooran, Jason Holder, Shimron Hetmyer",Kumar Dharmasena,Richard Kettleborough
734027,Dhaka,2014-05-22,2014,49,Bangladesh,England,Narendra Modi Stadium,Bangladesh,field,N,South Africa,Runs,30.0,,Aiden Markram,"Quinton de Kock, Kagiso Rabada, Aiden Markram","Shakib Al Hasan, Tamim Iqbal, Mustafizur Rahman",Marais Erasmus,Paul Reiffel
734029,Mumbai,2014-05-22,2014,50,England,West Indies,Narendra Modi Stadium,India,field,N,England,Wickets,6.0,,Ben Stokes,"Joe Root, Ben Stokes, Jos Buttler","Virat Kohli, Rohit Sharma, Jasprit Bumrah",Marais Erasmus,Nitin Menon
734025,Mumbai,2014-05-21,2014,48,South Africa,India,Wankhede Stadium,New Zealand,field,N,Afghanistan,Wickets,7.0,,Mohammad Nabi,"Kane Williamson, Trent Boult, Devon Conway","Rashid Khan, Rahmanullah Gurbaz, Mohammad Nabi",Nitin Menon,Chris Gaffaney
734023,Kolkata,2014-05-20,2014,47,Afghanistan,England,The Oval,Pakistan,field,N,Pakistan,Wickets,8.0,,Shaheen Afridi,"Kane Williamson, Trent Boult, Devon Conway","Babar Azam, Shaheen Afridi, Mohammad Rizwan",Rod Tucker,Chris Gaffaney
734021,Lahore,2014-05-20,2014,46,New Zealand,West Indies,Gaddafi Stadium,Australia,bat,N,Australia,Wickets,7.0,,Steve Smith,"Babar Azam, Shaheen Afridi, Mohammad Rizwan","Pat Cummins, Steve Smith, David Warner",Paul Reiffel,Rod Tucker
734019,Manchester,2014-05-19,2014,45,England,Sri Lanka,Adelaide Oval,South Africa,field,N,South Africa,Wickets,4.0,,Kagiso Rabada,"Pat Cummins, Steve Smith, David Warner","Quinton de Kock, Kagiso Rabada, Aiden Markram",Marais Erasmus,Paul Reiffel
734017,Manchester,2014-05-19,2014,44,India,New Zealand,Narendra Modi Stadium,England,bat,N,New Zealand,Runs,25.0,,Devon Conway,"Joe Root, Ben Stokes, Jos Buttler","Kane Williamson, Trent Boult, Devon Conway",Marais Erasmus,Rod Tucker
734013,Adelaide,2014-05-18,2014,42,South Africa,Sri Lanka,Eden Gardens,India,bat,N,India,Wickets,5.0,,Virat Kohli,"Quinton de Kock, Kagiso Rabada, Aiden Markram","Virat Kohli, Rohit Sharma, Jasprit Bumrah",Richard Kettleborough,Rod Tucker
734015,Sydney,2014-05-18,2014,43,Bangladesh,Afghanistan,The Oval,Afghanistan,bat,N,Afghanistan,Wickets,7.0,,Rashid Khan,"Rashid Khan, Rahmanullah Gurbaz, Mohammad Nabi","Shakib Al Hasan, Tamim Iqbal, Mustafizur Rahman",Nitin Menon,Chris Gaffaney
734011,Manchester,2014-05-15,2014,41,Australia,England,Lord's Cricket Ground,South Africa,field,N,England,Runs,62.0,,Ben Stokes,"Quinton de Kock, Kagiso Rabada, Aiden Markram","Joe Root, Ben Stokes, Jos Buttler",Paul Reiffel,Chris Gaffaney
734009,Melbourne,2014-05-14,2014,40,New Zealand,Afghanistan,Adelaide Oval,West Indies,field,N,West Indies,Wickets,6.0,,Shimron Hetmyer,"Nicholas Pooran, Jason Holder, Shimron Hetmyer","Wanindu Hasaranga, Kusal Mendis, Pathum Nissanka",Aleem Dar,Paul Reiffel
734007,Manchester,2014-05-14,2014,39,Afghanistan,Australia,Lord's Cricket Ground,India,field,N,India,Wickets,6.0,,Virat Kohli,"Kane Williamson, Trent Boult, Devon Conway","Virat Kohli, Rohit Sharma, Jasprit Bumrah",Marais Erasmus,Rod Tucker
734005,Kolkata,2014-05-13,2014,38,Bangladesh,West Indies,Wankhede Stadium,New Zealand,field,N,West Indies,Runs,16.0,,Shimron Hetmyer,"Nicholas Pooran, Jason Holder, Shimron Hetmyer","Kane Williamson, Trent Boult, Devon Conway",Richard Kettleborough,Aleem Dar
734003,Sydney,2014-05-13,2014,37,England,Pakistan,Narendra Modi Stadium,England,bat,N,England,Wickets,5.0,,Ben Stokes,"Rashid Khan, Rahmanullah Gurbaz, Mohammad Nabi","Joe Root, Ben Stokes, Jos Buttler",Kumar Dharmasena,Nitin Menon
734001,Manchester,2014-05-12,2014,36,Australia,New Zealand,Sher-e-Bangla National Stadium,England,bat,N,England,Wickets,7.0,,Ben Stokes,"Joe Root, Ben Stokes, Jos Buttler","Virat Kohli, Rohit Sharma, Jasprit Bumrah",Paul Reiffel,Richard Kettleborough
733997,Adelaide,2014-05-11,2014,34,Australia,Afghanistan,Lord's Cricket Ground,New Zealand,field,N,New Zealand,Wickets,9.0,,Devon Conway,"Kane Williamson, Trent Boult, Devon Conway","Nicholas Pooran, Jason Holder, Shimron Hetmyer",Aleem Dar,Marais Erasmus
733999,Lahore,2014-05-11,2014,35,Australia,Pakistan,Old Trafford Cricket Ground,Afghanistan,bat,N,South Africa,Wickets,5.0,,Quinton de Kock,"Rashid Khan, Rahmanullah Gurbaz, Mohammad Nabi","Quinton de Kock, Kagiso Rabada, Aiden Markram",Aleem Dar,Paul Reiffel
733995,Sydney,2014-05-10,2014,33,Bangladesh,Sri Lanka,Narendra Modi Stadium,West Indies,field,N,West Indies,Wickets,4.0,,Jason Holder,"Virat Kohli, Rohit Sharma, Jasprit Bumrah","Nicholas Pooran, Jason Holder, Shimron Hetmyer",Aleem Dar,Rod Tucker
733993,Dhaka,2014-05-10,2014,32,West Indies,South Africa,Gaddafi Stadium,New Zealand,field,N,South Africa,Wickets,8.0,D/L,Quinton de Kock,"Kane Williamson, Trent Boult, Devon Conway","Quinton de Kock, Kagiso Rabada, Aiden Markram",Kumar Dharmasena,Rod Tucker
733991,London,2014-05-09,2014,31,Bangladesh,England,Gaddafi Stadium,West Indies,field,N,West Indies,Runs,32.0,,Nicholas Pooran,"Nicholas Pooran, Jason Holder, Shimron Hetmyer","Rashid Khan, Rahmanullah Gurbaz, Mohammad Nabi",Richard Kettleborough,Nitin Menon
733989,London,2014-05-08,2014,30,Afghanistan,New Zealand,Melbourne Cricket Ground,Pakistan,field,N,West Indies,Runs,32.0,,Jason Holder,"Babar Azam, Shaheen Afridi, Mohammad Rizwan","Nicholas Pooran, Jason Holder, Shimron Hetmyer",Marais Erasmus,Aleem Dar
733985,Ahmedabad,2014-05-07,2014,28,Pakistan,Australia,Eden Gardens,Bangladesh,bat,N,Bangladesh,Wickets,8.0,,Mustafizur Rahman,"Virat Kohli, Rohit Sharma, Jasprit Bumrah","Shakib Al Hasan, Tamim Iqbal, Mustafizur Rahman",Chris Gaffaney,Marais Erasmus
733987,Lahore,2014-05-07,2014,29,Bangladesh,West Indies,Eden Gardens,India,field,N,Afghanistan,Runs,44.0,,Rahmanullah Gurbaz,"Virat Kohli, Rohit Sharma, Jasprit Bumrah","Rashid Khan, Rahmanullah Gurbaz, Mohammad Nabi",Richard Kettleborough,Kumar Dharmasena
733983,Adelaide,2014-05-06,2014,27,Australia,England,Eden Gardens,Pakistan,field,N,Australia,Runs,19.0,,Steve Smith,"Babar Azam, Shaheen Afridi, Mohammad Rizwan","Pat Cummins, Steve Smith, David Warner",Nitin Menon,Richard Kettleborough
733981,Sydney,2014-05-05,2014,26,England,West Indies,The Oval,Pakistan,field,N,Pakistan,Wickets,8.0,,Shaheen Afridi,"Babar Azam, Shaheen Afridi, Mohammad Rizwan","Joe Root, Ben Stokes, Jos Buttler",Chris Gaffaney,Nitin Menon
733979,London,2014-05-05,2014,25,Pakistan,England,Sher-e-Bangla National Stadium,South Africa,field,N,India,Runs,10.0,,Rohit Sharma,"Quinton de Kock, Kagiso Rabada, Aiden Markram","Virat Kohli, Rohit Sharma, Jasprit Bumrah",Aleem Dar,Marais Erasmus
733977,Sydney,2014-05-04,2014,24,New Zealand,Bangladesh,Melbourne Cricket Ground,India,field,N,Australia,Wickets,4.0,,Pat Cummins,"Virat Kohli, Rohit Sharma, Jasprit Bumrah","Pat Cummins, Steve Smith, David Warner",Marais Erasmus,Kumar Dharmasena
733975,Mumbai,2014-05-03,2014,23,West Indies,Australia,Old Trafford Cricket Ground,New Zealand,field,N,New Zealand,Wickets,7.0,,Kane Williamson,"Kane Williamson, Trent Boult, Devon Conway","Pat Cummins, Steve Smith, David Warner",Aleem Dar,Marais Erasmus
733973,Sydney,2014-05-03,2014,22,Australia,New Zealand,Lord's Cricket Ground,New Zealand,bat,N,India,Wickets,5.0,,Jasprit Bumrah,"Kane Williamson, Trent Boult, Devon Conway","Virat Kohli, Rohit Sharma, Jasprit Bumrah",Richard Kettleborough,Marais Erasmus
733971,Kolkata,2014-05-02,2014,21,Sri Lanka,West Indies,Old Trafford Cricket Ground,New Zealand,bat,N,West Indies,Runs,34.0,,Jason Holder,"Nicholas Pooran, Jason Holder, Shimron Hetmyer","Kane Williamson, Trent Boult, Devon Conway",Paul Reiffel,Kumar Dharmasena
729317,Melbourne,2014-04-30,2014,20,Afghanistan,West Indies,Melbourne Cricket Ground,England,field,N,India,Runs,15.0,,Virat Kohli,"Joe Root, Ben Stokes, Jos Buttler","Virat Kohli, Rohit Sharma, Jasprit Bumrah",Richard Kettleborough,Nitin Menon
729315,Dhaka,2014-04-29,2014,19,India,New Zealand,Gaddafi Stadium,Australia,bat,Y,Australia,SuperOver,,,David Warner,"Pat Cummins, Steve Smith, David Warner","Kane Williamson, Trent Boult, Devon Conway",Chris Gaffaney,Aleem Dar
729313,Lahore,2014-04-28,2014,18,India,Afghanistan,Gaddafi Stadium,Sri Lanka,field,N,India,Wickets,5.0,,Virat Kohli,"Virat Kohli, Rohit Sharma, Jasprit Bumrah","Wanindu Hasaranga, Kusal Mendis, Pathum Nissanka",Chris Gaffaney,Rod Tucker
729311,Mumbai,2014-04-27,2014,17,New Zealand,Pakistan,Wankhede Stadium,England,bat,N,England,Wickets,5.0,,Joe Root,"Joe Root, Ben Stokes, Jos Buttler","Quinton de Kock, Kagiso Rabada, Aiden Markram",Rod Tucker,Nitin Menon
729309,Melbourne,2014-04-27,2014,16,Pakistan,England,Sher-e-Bangla National Stadium,Sri Lanka,bat,N,Sri Lanka,Wickets,6.0,,Wanindu Hasaranga,"Shakib Al Hasan, Tamim Iqbal, Mustafizur Rahman","Wanindu Hasaranga, Kusal Mendis, Pathum Nissanka",Rod Tucker,Marais Erasmus
729307,Ahmedabad,2014-04-26,2014,15,South Africa,Pakistan,Wankhede Stadium,Sri Lanka,field,N,India,Runs,23.0,,Jasprit Bumrah,"Virat Kohli, Rohit Sharma, Jasprit Bumrah","Wanindu Hasaranga, Kusal Mendis, Pathum Nissanka",Paul Reiffel,Aleem Dar
729305,London,2014-04-26,2014,14,Australia,Bangladesh,Old Trafford Cricket Ground,Afghanistan,field,N,England,Wickets,6.0,,Ben Stokes,"Rashid Khan, Rahmanullah Gurbaz, Mohammad Nabi","Joe Root, Ben Stokes, Jos Buttler",Kumar Dharmasena,Richard Kettleborough
729301,Kolkata,2014-04-25,2014,12,Bangladesh,New Zealand,The Oval,England,bat,N,Australia,Runs,4.0,,David Warner,"Pat Cummins, Steve Smith, David Warner","Joe Root, Ben Stokes, Jos Buttler",Richard Kettleborough,Paul Reiffel
729303,Lahore,2014-04-25,2014,13,South Africa,India,Gaddafi Stadium,England,bat,N,England,Wickets,7.0,,Jos Buttler,"Joe Root, Ben Stokes, Jos Buttler","Nicholas Pooran, Jason Holder, Shimron Hetmyer",Marais Erasmus,Kumar Dharmasena
729299,Ahmedabad,2014-04-24,2014,11,South Africa,West Indies,Old Trafford Cricket Ground,India,field,N,Bangladesh,Runs,2.0,,Shakib Al Hasan,"Shakib Al Hasan, Tamim Iqbal, Mustafizur Rahman","Virat Kohli, Rohit Sharma, Jasprit Bumrah",Aleem Dar,Chris Gaffaney
729297,Ahmedabad,2014-04-23,2014,10,India,West Indies,Wankhede Stadium,Bangladesh,field,N,England,Runs,7.0,,Ben Stokes,"Shakib Al Hasan, Tamim Iqbal, Mustafizur Rahman","Joe Root, Ben Stokes, Jos Buttler",Rod Tucker,Kumar Dharmasena
729295,Adelaide,2014-04-22,2014,9,Bangladesh,West Indies,Lord's Cricket Ground,Afghanistan,field,N,Afghanistan,Runs,72.0,,Mohammad Nabi,"Rashid Khan, Rahmanullah Gurbaz, Mohammad Nabi","Quinton de Kock, Kagiso Rabada, Aiden Markram",Rod Tucker,Aleem Dar
729293,Ahmedabad,2014-04-21,2014,8,Bangladesh,Pakistan,The Oval,India,bat,N,Afghanistan,Runs,93.0,,Rahmanullah Gurbaz,"Rashid Khan, Rahmanullah Gurbaz, Mohammad Nabi","Virat Kohli, Rohit Sharma, Jasprit Bumrah",Nitin Menon,Aleem Dar
729291,London,2014-04-20,2014,7,England,India,Wankhede Stadium,India,field,N,South Africa,Wickets,7.0,,Quinton de Kock,"Virat Kohli, Rohit Sharma, Jasprit Bumrah","Quinton de Kock, Kagiso Rabada, Aiden Markram",Aleem Dar,Marais Erasmus
729289,Mumbai,2014-04-19,2014,6,England,New Zealand,Adelaide Oval,Sri Lanka,bat,N,Pakistan,Wickets,4.0,,Shaheen Afridi,"Wanindu Hasaranga, Kusal Mendis, Pathum Nissanka","Babar Azam, Shaheen Afridi, Mohammad Rizwan",Nitin Menon,Marais Erasmus
729287,Adelaide,2014-04-19,2014,5,Australia,West Indies,Melbourne Cricket Ground,South Africa,field,N,West Indies,Wickets,7.0,,Shimron Hetmyer,"Nicholas Pooran, Jason Holder, Shimron Hetmyer","Quinton de Kock, Kagiso Rabada, Aiden Markram",Aleem Dar,Paul Reiffel
729285,Melbourne,2014-04-18,2014,4,South Africa,Pakistan,The Oval,Bangladesh,field,N,Bangladesh,Wickets,4.0,,Shakib Al Hasan,"Rashid Khan, Rahmanullah Gurbaz, Mohammad Nabi","Shakib Al Hasan, Tamim Iqbal, Mustafizur Rahman",Aleem Dar,Marais Erasmus
729283,Mumbai,2014-04-18,2014,3,Sri Lanka,New Zealand,Eden Gardens,India,bat,N,India,Wickets,6.0,,Jasprit Bumrah,"Virat Kohli, Rohit Sharma, Jasprit Bumrah","Shakib Al Hasan, Tamim Iqbal, Mustafizur Rahman",Paul Reiffel,Chris Gaffaney
729281,Mumbai,2014-04-17,2014,2,Afghanistan,India,Narendra Modi Stadium,West Indies,field,N,West Indies,Wickets,8.0,,Nicholas Pooran,"Quinton de Kock, Kagiso Rabada, Aiden Markram","Nicholas Pooran, Jason Holder, Shimron Hetmyer",Chris Gaffaney,Aleem Dar
729279,Mumbai,2014-04-16,2014,1,Afghanistan,India,Lord's Cricket Ground,South Africa,bat,N,South Africa,Runs,41.0,,Aiden Markram,"Quinton de Kock, Kagiso Rabada, Aiden Markram","Joe Root, Ben Stokes, Jos Buttler",Chris Gaffaney,Aleem Dar
598073,Dhaka,2013-05-26,2013,Final,Australia,West Indies,Old Trafford Cricket Ground,New Zealand,bat,N,South Africa,Runs,23.0,,Kagiso Rabada,"Quinton de Kock, Kagiso Rabada, Aiden Markram","Kane Williamson, Trent Boult, Devon Conway",Marais Erasmus,Paul Reiffel
598072,Dhaka,2013-05-24,2013,Qualifier 2,India,West Indies,Lord's Cricket Ground,South Africa,bat,N,South Africa,Wickets,4.0,,Quinton de Kock,"Quinton de Kock, Kagiso Rabada, Aiden Markram","Virat Kohli, Rohit Sharma, Jasprit Bumrah",Marais Erasmus,Kumar Dharmasena
598071,Lahore,2013-05-22,2013,Eliminator,West Indies,Sri Lanka,Sher-e-Bangla National Stadium,England,bat,N,England,Wickets,4.0,,Joe Root,"Nicholas Pooran, Jason Holder, Shimron Hetmyer","Joe Root, Ben Stokes, Jos Buttler",Marais Erasmus,Aleem Dar
598070,Melbourne,2013-05-21,2013,Qualifier 1,South Africa,Afghanistan,Old Trafford Cricket Ground,Sri Lanka,bat,N,Sri Lanka,Runs,48.0,,Kusal Mendis,"Wanindu Hasaranga, Kusal Mendis, Pathum Nissanka","Quinton de Kock, Kagiso Rabada, Aiden Markram",Marais Erasmus,Kumar Dharmasena
598069,Adelaide,2013-05-19,2013,72,England,Pakistan,Narendra Modi Stadium,Pakistan,bat,N,Pakistan,Wickets,5.0,,Mohammad Rizwan,"Wanindu Hasaranga, Kusal Mendis, Pathum Nissanka","Babar Azam, Shaheen Afridi, Mohammad Rizwan",Chris Gaffaney,Nitin Menon
598067,Mumbai,2013-05-19,2013,71,Sri Lanka,Pakistan,Adelaide Oval,Bangladesh,bat,N,India,Runs,38.0,,Jasprit Bumrah,"Virat Kohli, Rohit Sharma, Jasprit Bumrah","Shakib Al Hasan, Tamim Iqbal, Mustafizur Rahman",Marais Erasmus,Kumar Dharmasena
598068,Manchester,2013-05-18,2013,70,South Africa,India,Narendra Modi Stadium,Bangladesh,field,N,England,Runs,24.0,,Joe Root,"Shakib Al Hasan, Tamim Iqbal, Mustafizur Rahman","Joe Root, Ben Stokes, Jos Buttler",Marais Erasmus,Aleem Dar
598066,Lahore,2013-05-18,2013,69,Bangladesh,Afghanistan,Lord's Cricket Ground,England,field,N,Pakistan,Runs,50.0,,Babar Azam,"Babar Azam, Shaheen Afridi, Mohammad Rizwan","Joe Root, Ben Stokes, Jos Buttler",Richard Kettleborough,Aleem Dar
598065,Melbourne,2013-05-17,2013,68,Australia,England,Sher-e-Bangla National Stadium,England,bat,N,South Africa,Runs,23.0,,Aiden Markram,"Joe Root, Ben Stokes, Jos Buttler","Quinton de Kock, Kagiso Rabada, Aiden Markram",Kumar Dharmasena,Rod Tucker
598028,Ahmedabad,2013-05-16,2013,67,Afghanistan,Sri Lanka,Eden Gardens,West Indies,field,N,England,Runs,7.0,,Ben Stokes,"Nicholas Pooran, Jason Holder, Shimron Hetmyer","Joe Root, Ben Stokes, Jos Buttler",Kumar Dharmasena,Aleem Dar
598063,Ahmedabad,2013-05-15,2013,66,Pakistan,England,Melbourne Cricket Ground,India,field,N,England,Runs,14.0,,Joe Root,"Virat Kohli, Rohit Sharma, Jasprit Bumrah","Joe Root, Ben Stokes, Jos Buttler",Marais Erasmus,Aleem Dar
598061,Melbourne,2013-05-15,2013,65,Bangladesh,Australia,Wankhede Stadium,Pakistan,field,N,Australia,Runs,7.0,,Pat Cummins,"Pat Cummins, Steve Smith, David Warner","Babar Azam, Shaheen Afridi, Mohammad Rizwan",Paul Reiffel,Chris Gaffaney
598062,Sydney,2013-05-14,2013,64,Sri Lanka,India,Wankhede Stadium,Bangladesh,bat,N,Bangladesh,Runs,33.0,,Shakib Al Hasan,"Shakib Al Hasan, Tamim Iqbal, Mustafizur Rahman","Rashid Khan, Rahmanullah Gurbaz, Mohammad Nabi",Richard Kettleborough,Nitin Menon
598045,Sydney,2013-05-14,2013,63,South Africa,West Indies,Eden Gardens,England,field,N,England,Wickets,7.0,,Ben Stokes,"Wanindu Hasaranga, Kusal Mendis, Pathum Nissanka","Joe Root, Ben Stokes, Jos Buttler",Nitin Menon,Kumar Dharmasena
598060,Manchester,2013-05-13,2013,62,New Zealand,Pakistan,Eden Gardens,Sri Lanka,bat,N,West Indies,Wickets,7.0,,Shimron Hetmyer,"Wanindu Hasaranga, Kusal Mendis, Pathum Nissanka","Nicholas Pooran, Jason Holder, Shimron Hetmyer",Kumar Dharmasena,Aleem Dar
598058,Melbourne,2013-05-12,2013,61,India,South Africa,Gaddafi Stadium,Bangladesh,field,N,Bangladesh,Wickets,5.0,,Shakib Al Hasan,"Quinton de Kock, Kagiso Rabada, Aiden Markram","Shakib Al Hasan, Tamim Iqbal, Mustafizur Rahman",Chris Gaffaney,Nitin Menon
598057,Mumbai,2013-05-12,2013,60,Australia,Sri Lanka,Adelaide Oval,Sri Lanka,field,N,Sri Lanka,Wickets,5.0,,Kusal Mendis,"Wanindu Hasaranga, Kusal Mendis, Pathum Nissanka","Quinton de Kock, Kagiso Rabada, Aiden Markram",Rod Tucker,Chris Gaffaney
598056,Manchester,2013-05-11,2013,59,South Africa,Sri Lanka,The Oval,Bangladesh,field,N,Bangladesh,Runs,30.0,,Mustafizur Rahman,"Shakib Al Hasan, Tamim Iqbal, Mustafizur Rahman","Wanindu Hasaranga, Kusal Mendis, Pathum Nissanka",Nitin Menon,Kumar Dharmasena
598055,Melbourne,2013-05-11,2013,58,West Indies,Pakistan,Wankhede Stadium,New Zealand,bat,N,New Zealand,Wickets,5.0,,Kane Williamson,"Kane Williamson, Trent Boult, Devon Conway","Wanindu Hasaranga, Kusal Mendis, Pathum Nissanka",Rod Tucker,Nitin Menon
598054,Melbourne,2013-05-10,2013,57,India,South Africa,Eden Gardens,South Africa,field,N,England,Runs,4.0,,Joe Root,"Quinton de Kock, Kagiso Rabada, Aiden Markram","Joe Root, Ben Stokes, Jos Buttler",Aleem Dar,Paul Reiffel
598053,Mumbai,2013-05-09,2013,56,England,West Indies,Old Trafford Cricket Ground,Pakistan,bat,N,West Indies,Runs,46.0,,Nicholas Pooran,"Babar Azam, Shaheen Afridi, Mohammad Rizwan","Nicholas Pooran, Jason Holder, Shimron Hetmyer",Richard Kettleborough,Aleem Dar
598052,Mumbai,2013-05-09,2013,55,Pakistan,West Indies,Old Trafford Cricket Ground,Sri Lanka,field,N,South Africa,Wickets,8.0,,Kagiso Rabada,"Wanindu Hasaranga, Kusal Mendis, Pathum Nissanka","Quinton de Kock, Kagiso Rabada, Aiden Markram",Kumar Dharmasena,Paul Reiffel
598051,Ahmedabad,2013-05-08,2013,54,South Africa,Bangladesh,Melbourne Cricket Ground,Bangladesh,field,N,Australia,Runs,77.0,,Steve Smith,"Shakib Al Hasan, Tamim Iqbal, Mustafizur Rahman","Pat Cummins, Steve Smith, David Warner",Paul Reiffel,Marais Erasmus
598049,Adelaide,2013-05-07,2013,52,Afghanistan,Australia,Old Trafford Cricket Ground,Sri Lanka,bat,N,Sri Lanka,Wickets,9.0,,Wanindu Hasaranga,"Babar Azam, Shaheen Afridi, Mohammad Rizwan","Wanindu Hasaranga, Kusal Mendis, Pathum Nissanka",Nitin Menon,Paul Reiffel
598050,Mumbai,2013-05-07,2013,53,India,Afghanistan,Melbourne Cricket Ground,South Africa,bat,N,Sri Lanka,Runs,65.0,,Kusal Mendis,"Quinton de Kock, Kagiso Rabada, Aiden Markram","Wanindu Hasaranga, Kusal Mendis, Pathum Nissanka",Marais Erasmus,Rod Tucker
598064,Mumbai,2013-05-06,2013,51,Pakistan,India,The Oval,West Indies,field,N,South Africa,Wickets,6.0,,Kagiso Rabada,"Quinton de Kock, Kagiso Rabada, Aiden Markram","Nicholas Pooran, Jason Holder, Shimron Hetmyer",Aleem Dar,Kumar Dharmasena
598047,Kolkata,2013-05-05,2013,50,Australia,Sri Lanka,Gaddafi Stadium,England,bat,N,Afghanistan,Wickets,5.0,,Rashid Khan,"Rashid Khan, Rahmanullah Gurbaz, Mohammad Nabi","Joe Root, Ben Stokes, Jos Buttler",Nitin Menon,Rod Tucker
598046,Mumbai,2013-05-05,2013,49,Bangladesh,Australia,Narendra Modi Stadium,England,bat,N,England,Runs,60.0,,Jos Buttler,"Kane Williamson, Trent Boult, Devon Conway","Joe Root, Ben Stokes, Jos Buttler",Aleem Dar,Chris Gaffaney
598044,Sydney,2013-05-04,2013,48,Afghanistan,Bangladesh,Gaddafi Stadium,South Africa,bat,N,South Africa,Wickets,6.0,,Aiden Markram,"Joe Root, Ben Stokes, Jos Buttler","Quinton de Kock, Kagiso Rabada, Aiden Markram",Marais Erasmus,Chris Gaffaney
598043,Lahore,2013-05-03,2013,47,Bangladesh,India,Gaddafi Stadium,Afghanistan,bat,N,Bangladesh,Wickets,8.0,,Tamim Iqbal,"Shakib Al Hasan, Tamim Iqbal, Mustafizur Rahman","Rashid Khan, Rahmanullah Gurbaz, Mohammad Nabi",Aleem Dar,Richard Kettleborough
598042,London,2013-05-02,2013,46,South Africa,Australia,Gaddafi Stadium,Pakistan,bat,N,Pakistan,Runs,17.0,,Babar Azam,"Joe Root, Ben Stokes, Jos Buttler","Babar Azam, Shaheen Afridi, Mohammad Rizwan",Kumar Dharmasena,Rod Tucker
598041,Mumbai,2013-05-02,2013,45,Australia,Bangladesh,Old Trafford Cricket Ground,England,bat,N,England,Runs,15.0,,Ben Stokes,"Joe Root, Ben Stokes, Jos Buttler","Rashid Khan, Rahmanullah Gurbaz, Mohammad Nabi",Marais Erasmus,Chris Gaffaney
598040,Ahmedabad,2013-05-01,2013,44,Afghanistan,India,Eden Gardens,Afghanistan,bat,N,Pakistan,Wickets,7.0,,Shaheen Afridi,"Rashid Khan, Rahmanullah Gurbaz, Mohammad Nabi","Babar Azam, Shaheen Afridi, Mohammad Rizwan",Kumar Dharmasena,Richard Kettleborough
598039,Dhaka,2013-05-01,2013,43,England,West Indies,The Oval,Australia,bat,N,South Africa,Wickets,7.0,,Aiden Markram,"Pat Cummins, Steve Smith, David Warner","Quinton de Kock, Kagiso Rabada, Aiden Markram",Nitin Menon,Rod Tucker
598038,Dhaka,2013-04-30,2013,42,India,Sri Lanka,Melbourne Cricket Ground,West Indies,bat,N,Afghanistan,Runs,37.0,,Rashid Khan,"Nicholas Pooran, Jason Holder, Shimron Hetmyer","Rashid Khan, Rahmanullah Gurbaz, Mohammad Nabi",Paul Reiffel,Aleem Dar
598037,Mumbai,2013-04-29,2013,41,Sri Lanka,New Zealand,Adelaide Oval,Bangladesh,bat,N,Bangladesh,Runs,4.0,,Tamim Iqbal,"Shakib Al Hasan, Tamim Iqbal, Mustafizur Rahman","Pat Cummins, Steve Smith, David Warner",Nitin Menon,Paul Reiffel
598036,Melbourne,2013-04-29,2013,40,South Africa,Pakistan,Adelaide Oval,Pakistan,field,N,Pakistan,Wickets,4.0,,Shaheen Afridi,"Babar Azam, Shaheen Afridi, Mohammad Rizwan","Kane Williamson, Trent Boult, Devon Conway",Kumar Dharmasena,Nitin Menon
598034,Kolkata,2013-04-28,2013,38,Bangladesh,India,The Oval,Pakistan,field,N,Pakistan,Runs,14.0,,Babar Azam,"Shakib Al Hasan, Tamim Iqbal, Mustafizur Rahman","Babar Azam, Shaheen Afridi, Mohammad Rizwan",Richard Kettleborough,Paul Reiffel
598035,Dhaka,2013-04-28,2013,39,Australia,England,Lord's Cricket Ground,West Indies,field,N,England,Runs,15.0,,Joe Root,"Joe Root, Ben Stokes, Jos Buttler","Nicholas Pooran, Jason Holder, Shimron Hetmyer",Rod Tucker,Richard Kettleborough
598033,Dhaka,2013-04-27,2013,37,Sri Lanka,Bangladesh,Narendra Modi Stadium,Bangladesh,bat,N,Bangladesh,Runs,58.0,,Tamim Iqbal,"Shakib Al Hasan, Tamim Iqbal, Mustafizur Rahman","Virat Kohli, Rohit Sharma, Jasprit Bumrah",Nitin Menon,Kumar Dharmasena
598032,Mumbai,2013-04-27,2013,36,Sri Lanka,New Zealand,The Oval,New Zealand,bat,N,Sri Lanka,Wickets,8.0,,Pathum Nissanka,"Kane Williamson, Trent Boult, Devon Conway","Wanindu Hasaranga, Kusal Mendis, Pathum Nissanka",Marais Erasmus,Nitin Menon
598031,Melbourne,2013-04-26,2013,35,England,South Africa,Gaddafi Stadium,Afghanistan,bat,N,Sri Lanka,Wickets,6.0,,Kusal Mendis,"Wanindu Hasaranga, Kusal Mendis, Pathum Nissanka","Rashid Khan, Rahmanullah Gurbaz, Mohammad Nabi",Chris Gaffaney,Kumar Dharmasena
598030,Ahmedabad,2013-04-25,2013,34,India,New Zealand,Adelaide Oval,England,bat,N,Australia,Wickets,5.0,,Pat Cummins,"Pat Cummins, Steve Smith, David Warner","Joe Root, Ben Stokes, Jos Buttler",Nitin Menon,Marais Erasmus
598029,Adelaide,2013-04-24,2013,33,Sri Lanka,England,Adelaide Oval,England,bat,N,England,Wickets,5.0,,Ben Stokes,"Nicholas Pooran, Jason Holder, Shimron Hetmyer","Joe Root, Ben Stokes, Jos Buttler",Chris Gaffaney,Rod Tucker
598059,Lahore,2013-04-23,2013,32,Bangladesh,Afghanistan,Wankhede Stadium,England,field,N,New Zealand,Wickets,5.0,,Devon Conway,"Joe Root, Ben Stokes, Jos Buttler","Kane Williamson, Trent Boult, Devon Conway",Chris Gaffaney,Kumar Dharmasena
598027,Dhaka,2013-04-23,2013,31,South Africa,Afghanistan,Wankhede Stadium,Afghanistan,field,N,Afghanistan,Runs,130.0,,Mohammad Nabi,"Rashid Khan, Rahmanullah Gurbaz, Mohammad Nabi","Joe Root, Ben Stokes, Jos Buttler",Marais Erasmus,Paul Reiffel
598026,Ahmedabad,2013-04-22,2013,30,India,New Zealand,Lord's Cricket Ground,Afghanistan,bat,N,Australia,Wickets,5.0,,David Warner,"Rashid Khan, Rahmanullah Gurbaz, Mohammad Nabi","Pat Cummins, Steve Smith, David Warner",Marais Erasmus,Richard Kettleborough
598025,Lahore,2013-04-21,2013,29,Afghanistan,Australia,Eden Gardens,India,field,N,England,Wickets,7.0,,Joe Root,"Joe Root, Ben Stokes, Jos Buttler","Virat Kohli, Rohit Sharma, Jasprit Bumrah",Kumar Dharmasena,Aleem Dar
598024,Melbourne,2013-04-21,2013,28,Sri Lanka,Australia,Melbourne Cricket Ground,Pakistan,bat,N,Bangladesh,Wickets,9.0,,Mustafizur Rahman,"Shakib Al Hasan, Tamim Iqbal, Mustafizur Rahman","Babar Azam, Shaheen Afridi, Mohammad Rizwan",Marais Erasmus,Chris Gaffaney
598023,London,2013-04-20,2013,27,England,India,The Oval,India,field,N,India,Wickets,7.0,,Rohit Sharma,"Virat Kohli, Rohit Sharma, Jasprit Bumrah","Joe Root, Ben Stokes, Jos Buttler",Kumar Dharmasena,Marais Erasmus
598022,Adelaide,2013-04-20,2013,26,India,West Indies,Lord's Cricket Ground,England,bat,N,New Zealand,Wickets,4.0,,Trent Boult,"Kane Williamson, Trent Boult, Devon Conway","Joe Root, Ben Stokes, Jos Buttler",Nitin Menon,Aleem Dar
598021,Sydney,2013-04-19,2013,25,Bangladesh,Australia,Eden Gardens,India,bat,N,West Indies,Wickets,5.0,,Jason Holder,"Nicholas Pooran, Jason Holder, Shimron Hetmyer","Virat Kohli, Rohit Sharma, Jasprit Bumrah",Aleem Dar,Marais Erasmus
598020,Kolkata,2013-04-18,2013,24,South Africa,Afghanistan,Eden Gardens,Afghanistan,bat,N,Afghanistan,Runs,86.0,,Rashid Khan,"Rashid Khan, Rahmanullah Gurbaz, Mohammad Nabi","Joe Root, Ben Stokes, Jos Buttler",Richard Kettleborough,Nitin Menon
598019,Ahmedabad,2013-04-17,2013,23,West Indies,Afghanistan,Adelaide Oval,West Indies,bat,N,Australia,Runs,87.0,,Steve Smith,"Nicholas Pooran, Jason Holder, Shimron Hetmyer","Pat Cummins, Steve Smith, David Warner",Nitin Menon,Chris Gaffaney
598018,Adelaide,2013-04-17,2013,22,Sri Lanka,Pakistan,Narendra Modi Stadium,New Zealand,field,N,Afghanistan,Runs,11.0,,Mohammad Nabi,"Kane Williamson, Trent Boult, Devon Conway","Rashid Khan, Rahmanullah Gurbaz, Mohammad Nabi",Paul Reiffel,Richard Kettleborough
598016,Lahore,2013-04-16,2013,20,England,South Africa,Melbourne Cricket Ground,Afghanistan,field,N,New Zealand,Runs,4.0,,Kane Williamson,"Kane Williamson, Trent Boult, Devon Conway","Rashid Khan, Rahmanullah Gurbaz, Mohammad Nabi",Richard Kettleborough,Kumar Dharmasena
598017,Mumbai,2013-04-16,2013,21,New Zealand,India,Narendra Modi Stadium,Afghanistan,field,Y,Afghanistan,SuperOver,,,Mohammad Nabi,"Wanindu Hasaranga, Kusal Mendis, Pathum Nissanka","Rashid Khan, Rahmanullah Gurbaz, Mohammad Nabi",Paul Reiffel,Kumar Dharmasena
598015,Sydney,2013-04-15,2013,19,Australia,South Africa,Melbourne Cricket Ground,West Indies,bat,N,Sri Lanka,Runs,24.0,,Pathum Nissanka,"Wanindu Hasaranga, Kusal Mendis, Pathum Nissanka","Nicholas Pooran, Jason Holder, Shimron Hetmyer",Marais Erasmus,Rod Tucker
598014,Lahore,2013-04-14,2013,18,Sri Lanka,Australia,Gaddafi Stadium,India,field,N,India,Wickets,6.0,,Virat Kohli,"Virat Kohli, Rohit Sharma, Jasprit Bumrah","Kane Williamson, Trent Boult, Devon Conway",Aleem Dar,Paul Reiffel
598013,Dhaka,2013-04-14,2013,17,Afghanistan,Pakistan,Sher-e-Bangla National Stadium,Bangladesh,bat,N,West Indies,Runs,48.0,,Jason Holder,"Shakib Al Hasan, Tamim Iqbal, Mustafizur Rahman","Nicholas Pooran, Jason Holder, Shimron Hetmyer",Kumar Dharmasena,Richard Kettleborough
598012,Sydney,2013-04-13,2013,16,Afghanistan,England,Wankhede Stadium,New Zealand,field,N,England,Wickets,4.0,,Ben Stokes,"Joe Root, Ben Stokes, Jos Buttler","Kane Williamson, Trent Boult, Devon Conway",Nitin Menon,Richard Kettleborough
598011,Adelaide,2013-04-13,2013,15,Pakistan,Bangladesh,Gaddafi Stadium,Afghanistan,bat,N,Australia,Runs,41.0,,David Warner,"Pat Cummins, Steve Smith, David Warner","Rashid Khan, Rahmanullah Gurbaz, Mohammad Nabi",Aleem Dar,Richard Kettleborough
598010,Ahmedabad,2013-04-12,2013,14,New Zealand,West Indies,Sher-e-Bangla National Stadium,Sri Lanka,bat,N,Australia,Wickets,3.0,,Steve Smith,"Pat Cummins, Steve Smith, David Warner","Wanindu Hasaranga, Kusal Mendis, Pathum Nissanka",Kumar Dharmasena,Chris Gaffaney
598009,Mumbai,2013-04-11,2013,13,West Indies,South Africa,Old Trafford Cricket Ground,South Africa,bat,N,South Africa,Wickets,7.0,,Aiden Markram,"Kane Williamson, Trent Boult, Devon Conway","Quinton de Kock, Kagiso Rabada, Aiden Markram",Nitin Menon,Kumar Dharmasena
598008,Melbourne,2013-04-11,2013,12,Sri Lanka,West Indies,The Oval,England,field,N,West Indies,Wickets,8.0,,Nicholas Pooran,"Joe Root, Ben Stokes, Jos Buttler","Nicholas Pooran, Jason Holder, Shimron Hetmyer",Chris Gaffaney,Kumar Dharmasena
598007,Kolkata,2013-04-10,2013,11,Bangladesh,Sri Lanka,Old Trafford Cricket Ground,West Indies,field,N,Afghanistan,Wickets,10.0,,Rashid Khan,"Rashid Khan, Rahmanullah Gurbaz, Mohammad Nabi","Nicholas Pooran, Jason Holder, Shimron Hetmyer",Paul Reiffel,Kumar Dharmasena
598048,Lahore,2013-04-09,2013,9,England,West Indies,Old Trafford Cricket Ground,Sri Lanka,bat,N,Sri Lanka,Wickets,7.0,,Kusal Mendis,"Wanindu Hasaranga, Kusal Mendis, Pathum Nissanka","Quinton de Kock, Kagiso Rabada, Aiden Markram",Aleem Dar,Chris Gaffaney
598006,Adelaide,2013-04-09,2013,10,Bangladesh,Sri Lanka,Eden Gardens,Bangladesh,bat,N,South Africa,Runs,44.0,,Kagiso Rabada,"Shakib Al Hasan, Tamim Iqbal, Mustafizur Rahman","Quinton de Kock, Kagiso Rabada, Aiden Markram",Nitin Menon,Aleem Dar
598005,Adelaide,2013-04-08,2013,8,Pakistan,Australia,Old Trafford Cricket Ground,India,field,N,Bangladesh,Runs,19.0,,Mustafizur Rahman,"Virat Kohli, Rohit Sharma, Jasprit Bumrah","Shakib Al Hasan, Tamim Iqbal, Mustafizur Rahman",Aleem Dar,Richard Kettleborough
598004,Kolkata,2013-04-07,2013,7,New Zealand,India,Sher-e-Bangla National Stadium,England,bat,Y,England,SuperOver,,,Jos Buttler,"Nicholas Pooran, Jason Holder, Shimron Hetmyer","Joe Root, Ben Stokes, Jos Buttler",Aleem Dar,Paul Reiffel
598003,London,2013-04-07,2013,6,Bangladesh,Sri Lanka,Eden Gardens,South Africa,bat,N,South Africa,Wickets,8.0,,Aiden Markram,"Virat Kohli, Rohit Sharma, Jasprit Bumrah","Quinton de Kock, Kagiso Rabada, Aiden Markram",Richard Kettleborough,Kumar Dharmasena
598002,Sydney,2013-04-06,2013,5,South Africa,West Indies,Wankhede Stadium,West Indies,bat,N,West Indies,Runs,9.0,,Shimron Hetmyer,"Pat Cummins, Steve Smith, David Warner","Nicholas Pooran, Jason Holder, Shimron Hetmyer",Chris Gaffaney,Nitin Menon
598001,Mumbai,2013-04-06,2013,4,South Africa,India,Adelaide Oval,Bangladesh,bat,N,South Africa,Runs,5.0,,Aiden Markram,"Shakib Al Hasan, Tamim Iqbal, Mustafizur Rahman","Quinton de Kock, Kagiso Rabada, Aiden Markram",Kumar Dharmasena,Chris Gaffaney
598000,Adelaide,2013-04-05,2013,3,Bangladesh,Sri Lanka,Wankhede Stadium,Afghanistan,field,N,Afghanistan,Runs,22.0,,Rahmanullah Gurbaz,"Pat Cummins, Steve Smith, David Warner","Rashid Khan, Rahmanullah Gurbaz, Mohammad Nabi",Chris Gaffaney,Paul Reiffel
597999,Kolkata,2013-04-04,2013,2,West Indies,New Zealand,Sher-e-Bangla National Stadium,India,field,N,India,Runs,2.0,,Jasprit Bumrah,"Virat Kohli, Rohit Sharma, Jasprit Bumrah","Rashid Khan, Rahmanullah Gurbaz, Mohammad Nabi",Marais Erasmus,Rod Tucker
597998,Lahore,2013-04-03,2013,1,Australia,Sri Lanka,Gaddafi Stadium,India,field,N,India,Wickets,6.0,,Rohit Sharma,"Virat Kohli, Rohit Sharma, Jasprit Bumrah","Quinton de Kock, Kagiso Rabada, Aiden Markram",Nitin Menon,Paul Reiffel
548381,London,2012-05-27,2012,Final,Afghanistan,New Zealand,Gaddafi Stadium,Australia,bat,N,Australia,Wickets,5.0,,Steve Smith,"Pat Cummins, Steve Smith, David Warner","Joe Root, Ben Stokes, Jos Buttler",Richard Kettleborough,Marais Erasmus
548380,Manchester,2012-05-25,2012,Qualifier 2,South Africa,Pakistan,Sher-e-Bangla National Stadium,England,field,N,New Zealand,Runs,86.0,,Trent Boult,"Joe Root, Ben Stokes, Jos Buttler","Kane Williamson, Trent Boult, Devon Conway",Paul Reiffel,Kumar Dharmasena
548379,Mumbai,2012-05-23,2012,Elimination Final,India,Sri Lanka,Narendra Modi Stadium,South Africa,field,N,Australia,Runs,38.0,,Steve Smith,"Quinton de Kock, Kagiso Rabada, Aiden Markram","Pat Cummins, Steve Smith, David Warner",Chris Gaffaney,Paul Reiffel
548378,Manchester,2012-05-22,2012,Qualifier 1,Afghanistan,Sri Lanka,Gaddafi Stadium,Sri Lanka,bat,N,Sri Lanka,Runs,18.0,,Pathum Nissanka,"Joe Root, Ben Stokes, Jos Buttler","Wanindu Hasaranga, Kusal Mendis, Pathum Nissanka",Richard Kettleborough,Paul Reiffel
548377,Sydney,2012-05-20,2012,72,West Indies,Afghanistan,Lord's Cricket Ground,New Zealand,bat,N,Pakistan,Wickets,10.0,,Mohammad Rizwan,"Kane Williamson, Trent Boult, Devon Conway","Babar Azam, Shaheen Afridi, Mohammad Rizwan",Rod Tucker,Kumar Dharmasena
548376,Manchester,2012-05-20,2012,71,South Africa,Australia,Lord's Cricket Ground,Australia,field,N,Afghanistan,Runs,9.0,,Rahmanullah Gurbaz,"Rashid Khan, Rahmanullah Gurbaz, Mohammad Nabi","Pat Cummins, Steve Smith, David Warner",Rod Tucker,Aleem Dar
548375,Ahmedabad,2012-05-19,2012,70,West Indies,Afghanistan,Melbourne Cricket Ground,India,bat,N,New Zealand,Runs,34.0,,Trent Boult,"Virat Kohli, Rohit Sharma, Jasprit Bumrah","Kane Williamson, Trent Boult, Devon Conway",Nitin Menon,Rod Tucker
548374,Dhaka,2012-05-19,2012,69,Bangladesh,Pakistan,Narendra Modi Stadium,Australia,field,N,Afghanistan,Wickets,6.0,,Rashid Khan,"Pat Cummins, Steve Smith, David Warner","Rashid Khan, Rahmanullah Gurbaz, Mohammad Nabi",Richard Kettleborough,Paul Reiffel
548373,London,2012-05-18,2012,68,New Zealand,Sri Lanka,Gaddafi Stadium,Australia,bat,N,India,Wickets,5.0,,Rohit Sharma,"Virat Kohli, Rohit Sharma, Jasprit Bumrah","Pat Cummins, Steve Smith, David Warner",Nitin Menon,Aleem Dar
548371,Kolkata,2012-05-17,2012,66,England,Afghanistan,Melbourne Cricket Ground,Sri Lanka,field,N,Bangladesh,Wickets,6.0,,Shakib Al Hasan,"Shakib Al Hasan, Tamim Iqbal, Mustafizur Rahman","Wanindu Hasaranga, Kusal Mendis, Pathum Nissanka",Marais Erasmus,Nitin Menon
548372,Melbourne,2012-05-17,2012,67,West Indies,India,Sher-e-Bangla National Stadium,West Indies,field,N,Sri Lanka,Runs,21.0,,Kusal Mendis,"Wanindu Hasaranga, Kusal Mendis, Pathum Nissanka","Nicholas Pooran, Jason Holder, Shimron Hetmyer",Paul Reiffel,Rod Tucker
548370,Dhaka,2012-05-16,2012,65,South Africa,Bangladesh,Gaddafi Stadium,West Indies,field,N,West Indies,Runs,32.0,,Shimron Hetmyer,"Nicholas Pooran, Jason Holder, Shimron Hetmyer","Joe Root, Ben Stokes, Jos Buttler",Nitin Menon,Kumar Dharmasena
548369,Dhaka,2012-05-15,2012,64,West Indies,India,Lord's Cricket Ground,New Zealand,bat,N,New Zealand,Wickets,5.0,,Trent Boult,"Kane Williamson, Trent Boult, Devon Conway","Nicholas Pooran, Jason Holder, Shimron Hetmyer",Rod Tucker,Paul Reiffel
548368,Sydney,2012-05-14,2012,63,India,Bangladesh,The Oval,New Zealand,field,N,Sri Lanka,Wickets,5.0,,Kusal Mendis,"Wanindu Hasaranga, Kusal Mendis, Pathum Nissanka","Kane Williamson, Trent Boult, Devon Conway",Paul Reiffel,Nitin Menon
548367,Lahore,2012-05-14,2012,62,Sri Lanka,Pakistan,Sher-e-Bangla National Stadium,Bangladesh,field,N,India,Wickets,5.0,,Virat Kohli,"Shakib Al Hasan, Tamim Iqbal, Mustafizur Rahman","Virat Kohli, Rohit Sharma, Jasprit Bumrah",Richard Kettleborough,Aleem Dar
548366,Kolkata,2012-05-13,2012,61,Sri Lanka,South Africa,Melbourne Cricket Ground,West Indies,bat,N,West Indies,Wickets,4.0,,Shimron Hetmyer,"Wanindu Hasaranga, Kusal Mendis, Pathum Nissanka","Nicholas Pooran, Jason Holder, Shimron Hetmyer",Marais Erasmus,Richard Kettleborough
548365,Dhaka,2012-05-13,2012,60,India,South Africa,Melbourne Cricket Ground,South Africa,bat,N,South Africa,Runs,45.0,,Quinton de Kock,"Rashid Khan, Rahmanullah Gurbaz, Mohammad Nabi","Quinton de Kock, Kagiso Rabada, Aiden Markram",Paul Reiffel,Nitin Menon
548364,Kolkata,2012-05-12,2012,59,Pakistan,South Africa,Eden Gardens,South Africa,field,N,South Africa,Wickets,9.0,,Aiden Markram,"Nicholas Pooran, Jason Holder, Shimron Hetmyer","Quinton de Kock, Kagiso Rabada, Aiden Markram",Aleem Dar,Kumar Dharmasena
548363,Mumbai,2012-05-12,2012,58,Bangladesh,South Africa,Sher-e-Bangla National Stadium,Bangladesh,bat,N,New Zealand,Runs,27.0,,Devon Conway,"Kane Williamson, Trent Boult, Devon Conway","Shakib Al Hasan, Tamim Iqbal, Mustafizur Rahman",Nitin Menon,Aleem Dar
548362,Mumbai,2012-05-11,2012,57,Australia,South Africa,Gaddafi Stadium,India,field,N,England,Runs,35.0,,Ben Stokes,"Virat Kohli, Rohit Sharma, Jasprit Bumrah","Joe Root, Ben Stokes, Jos Buttler",Rod Tucker,Marais Erasmus
548361,Manchester,2012-05-10,2012,56,Afghanistan,Bangladesh,Melbourne Cricket Ground,Sri Lanka,field,N,New Zealand,Wickets,4.0,,Trent Boult,"Wanindu Hasaranga, Kusal Mendis, Pathum Nissanka","Kane Williamson, Trent Boult, Devon Conway",Nitin Menon,Paul Reiffel
548329,Kolkata,2012-05-10,2012,55,Pakistan,West Indies,Gaddafi Stadium,India,bat,N,Sri Lanka,Wickets,9.0,,Kusal Mendis,"Wanindu Hasaranga, Kusal Mendis, Pathum Nissanka","Virat Kohli, Rohit Sharma, Jasprit Bumrah",Kumar Dharmasena,Richard Kettleborough
548360,Kolkata,2012-05-09,2012,54,West Indies,Australia,Sher-e-Bangla National Stadium,Pakistan,field,N,South Africa,Wickets,9.0,,Kagiso Rabada,"Quinton de Kock, Kagiso Rabada, Aiden Markram","Babar Azam, Shaheen Afridi, Mohammad Rizwan",Chris Gaffaney,Kumar Dharmasena
548359,Ahmedabad,2012-05-08,2012,53,Bangladesh,West Indies,Lord's Cricket Ground,West Indies,field,N,West Indies,Runs,25.0,,Jason Holder,"Virat Kohli, Rohit Sharma, Jasprit Bumrah","Nicholas Pooran, Jason Holder, Shimron Hetmyer",Chris Gaffaney,Marais Erasmus
548358,Kolkata,2012-05-08,2012,52,Pakistan,Sri Lanka,Adelaide Oval,England,bat,N,New Zealand,Wickets,7.0,,Devon Conway,"Kane Williamson, Trent Boult, Devon Conway","Joe Root, Ben Stokes, Jos Buttler",Rod Tucker,Paul Reiffel
548357,Mumbai,2012-05-07,2012,51,West Indies,England,Gaddafi Stadium,Afghanistan,bat,N,Afghanistan,Wickets,6.0,,Rashid Khan,"Kane Williamson, Trent Boult, Devon Conway","Rashid Khan, Rahmanullah Gurbaz, Mohammad Nabi",Nitin Menon,Kumar Dharmasena
548356,Sydney,2012-05-06,2012,50,Afghanistan,Sri Lanka,Lord's Cricket Ground,India,field,N,India,Wickets,5.0,,Virat Kohli,"Virat Kohli, Rohit Sharma, Jasprit Bumrah","Pat Cummins, Steve Smith, David Warner",Richard Kettleborough,Kumar Dharmasena
548355,Ahmedabad,2012-05-06,2012,49,Australia,Bangladesh,Melbourne Cricket Ground,Afghanistan,field,N,England,Wickets,2.0,,Ben Stokes,"Rashid Khan, Rahmanullah Gurbaz, Mohammad Nabi","Joe Root, Ben Stokes, Jos Buttler",Richard Kettleborough,Nitin Menon
548354,Adelaide,2012-05-05,2012,48,New Zealand,Afghanistan,Gaddafi Stadium,New Zealand,bat,N,New Zealand,Runs,43.0,,Kane Williamson,"Joe Root, Ben Stokes, Jos Buttler","Kane Williamson, Trent Boult, Devon Conway",Aleem Dar,Paul Reiffel
548353,Dhaka,2012-05-05,2012,47,Pakistan,Sri Lanka,Wankhede Stadium,India,bat,N,South Africa,Runs,7.0,,Aiden Markram,"Virat Kohli, Rohit Sharma, Jasprit Bumrah","Quinton de Kock, Kagiso Rabada, Aiden Markram",Rod Tucker,Richard Kettleborough
548352,Sydney,2012-05-04,2012,46,New Zealand,Bangladesh,Old Trafford Cricket Ground,Pakistan,bat,N,Pakistan,Runs,10.0,,Shaheen Afridi,"Babar Azam, Shaheen Afridi, Mohammad Rizwan","Wanindu Hasaranga, Kusal Mendis, Pathum Nissanka",Nitin Menon,Aleem Dar
548351,Ahmedabad,2012-05-03,2012,45,Australia,India,Lord's Cricket Ground,Pakistan,bat,N,Pakistan,Runs,1.0,,Babar Azam,"Babar Azam, Shaheen Afridi, Mohammad Rizwan","Virat Kohli, Rohit Sharma, Jasprit Bumrah",Kumar Dharmasena,Rod Tucker
548350,Kolkata,2012-05-02,2012,44,Bangladesh,West Indies,Eden Gardens,Bangladesh,field,N,Bangladesh,Wickets,4.0,,Mustafizur Rahman,"Shakib Al Hasan, Tamim Iqbal, Mustafizur Rahman","Pat Cummins, Steve Smith, David Warner",Chris Gaffaney,Paul Reiffel
548349,Manchester,2012-05-01,2012,43,New Zealand,England,Old Trafford Cricket Ground,Pakistan,bat,N,West Indies,Wickets,6.0,,Nicholas Pooran,"Babar Azam, Shaheen Afridi, Mohammad Rizwan","Nicholas Pooran, Jason Holder, Shimron Hetmyer",Richard Kettleborough,Chris Gaffaney
548348,Lahore,2012-05-01,2012,42,South Africa,Pakistan,Adelaide Oval,England,bat,N,South Africa,Runs,13.0,,Quinton de Kock,"Quinton de Kock, Kagiso Rabada, Aiden Markram","Joe Root, Ben Stokes, Jos Buttler",Aleem Dar,Kumar Dharmasena
548347,Kolkata,2012-04-30,2012,41,India,Bangladesh,Narendra Modi Stadium,South Africa,bat,N,Sri Lanka,Wickets,5.0,,Pathum Nissanka,"Quinton de Kock, Kagiso Rabada, Aiden Markram","Wanindu Hasaranga, Kusal Mendis, Pathum Nissanka",Kumar Dharmasena,Rod Tucker
548346,Manchester,2012-04-29,2012,40,West Indies,South Africa,Eden Gardens,Sri Lanka,field,N,Australia,Wickets,5.0,,David Warner,"Wanindu Hasaranga, Kusal Mendis, Pathum Nissanka","Pat Cummins, Steve Smith, David Warner",Rod Tucker,Kumar Dharmasena
548345,Kolkata,2012-04-29,2012,39,Australia,Afghanistan,Melbourne Cricket Ground,Pakistan,bat,N,India,Runs,1.0,,Jasprit Bumrah,"Virat Kohli, Rohit Sharma, Jasprit Bumrah","Babar Azam, Shaheen Afridi, Mohammad Rizwan",Kumar Dharmasena,Paul Reiffel
548344,Adelaide,2012-04-28,2012,38,New Zealand,Sri Lanka,Eden Gardens,England,bat,N,Pakistan,Runs,47.0,,Mohammad Rizwan,"Babar Azam, Shaheen Afridi, Mohammad Rizwan","Joe Root, Ben Stokes, Jos Buttler",Nitin Menon,Aleem Dar
548343,Melbourne,2012-04-28,2012,37,Afghanistan,West Indies,Adelaide Oval,Bangladesh,bat,N,New Zealand,Runs,7.0,,Trent Boult,"Shakib Al Hasan, Tamim Iqbal, Mustafizur Rahman","Kane Williamson, Trent Boult, Devon Conway",Aleem Dar,Chris Gaffaney
548342,Adelaide,2012-04-27,2012,36,New Zealand,Australia,Old Trafford Cricket Ground,India,field,N,West Indies,Runs,37.0,,Shimron Hetmyer,"Nicholas Pooran, Jason Holder, Shimron Hetmyer","Virat Kohli, Rohit Sharma, Jasprit Bumrah",Marais Erasmus,Chris Gaffaney
548341,Mumbai,2012-04-26,2012,35,West Indies,Pakistan,Sher-e-Bangla National Stadium,Afghanistan,bat,N,South Africa,Runs,18.0,,Quinton de Kock,"Quinton de Kock, Kagiso Rabada, Aiden Markram","Rashid Khan, Rahmanullah Gurbaz, Mohammad Nabi",Marais Erasmus,Richard Kettleborough
548339,Mumbai,2012-04-25,2012,33,Australia,Bangladesh,Lord's Cricket Ground,Bangladesh,bat,N,Afghanistan,Wickets,4.0,,Mohammad Nabi,"Rashid Khan, Rahmanullah Gurbaz, Mohammad Nabi","Shakib Al Hasan, Tamim Iqbal, Mustafizur Rahman",Rod Tucker,Nitin Menon
548337,London,2012-04-24,2012,31,England,Afghanistan,Old Trafford Cricket Ground,Afghanistan,bat,N,Afghanistan,Wickets,8.0,,Rashid Khan,"Quinton de Kock, Kagiso Rabada, Aiden Markram","Rashid Khan, Rahmanullah Gurbaz, Mohammad Nabi",Richard Kettleborough,Rod Tucker
548336,Mumbai,2012-04-23,2012,30,Sri Lanka,Afghanistan,Sher-e-Bangla National Stadium,India,field,N,Bangladesh,Runs,46.0,,Tamim Iqbal,"Shakib Al Hasan, Tamim Iqbal, Mustafizur Rahman","Virat Kohli, Rohit Sharma, Jasprit Bumrah",Richard Kettleborough,Kumar Dharmasena
548334,Lahore,2012-04-22,2012,28,New Zealand,England,Adelaide Oval,Pakistan,bat,N,New Zealand,Wickets,6.0,,Devon Conway,"Babar Azam, Shaheen Afridi, Mohammad Rizwan","Kane Williamson, Trent Boult, Devon Conway",Kumar Dharmasena,Aleem Dar
548335,Dhaka,2012-04-22,2012,29,Bangladesh,Afghanistan,Melbourne Cricket Ground,India,field,N,India,Wickets,5.0,,Virat Kohli,"Virat Kohli, Rohit Sharma, Jasprit Bumrah","Babar Azam, Shaheen Afridi, Mohammad Rizwan",Richard Kettleborough,Kumar Dharmasena
548333,Manchester,2012-04-21,2012,27,South Africa,Australia,Lord's Cricket Ground,Afghanistan,field,N,Afghanistan,Runs,20.0,,Rahmanullah Gurbaz,"Babar Azam, Shaheen Afridi, Mohammad Rizwan","Rashid Khan, Rahmanullah Gurbaz, Mohammad Nabi",Richard Kettleborough,Aleem Dar
548332,Melbourne,2012-04-21,2012,26,New Zealand,West Indies,Narendra Modi Stadium,West Indies,bat,N,Pakistan,Wickets,7.0,,Babar Azam,"Babar Azam, Shaheen Afridi, Mohammad Rizwan","Nicholas Pooran, Jason Holder, Shimron Hetmyer",Aleem Dar,Paul Reiffel
548331,Lahore,2012-04-20,2012,25,Pakistan,England,Eden Gardens,Sri Lanka,field,N,India,Wickets,5.0,,Jasprit Bumrah,"Virat Kohli, Rohit Sharma, Jasprit Bumrah","Wanindu Hasaranga, Kusal Mendis, Pathum Nissanka",Paul Reiffel,Chris Gaffaney
548330,London,2012-04-19,2012,24,Sri Lanka,New Zealand,Melbourne Cricket Ground,Sri Lanka,field,N,England,Runs,13.0,,Joe Root,"Joe Root, Ben Stokes, Jos Buttler","Wanindu Hasaranga, Kusal Mendis, Pathum Nissanka",Marais Erasmus,Aleem Dar
548321,Mumbai,2012-04-19,2012,23,West Indies,Pakistan,Narendra Modi Stadium,Sri Lanka,bat,N,Sri Lanka,Wickets,5.0,,Pathum Nissanka,"Virat Kohli, Rohit Sharma, Jasprit Bumrah","Wanindu Hasaranga, Kusal Mendis, Pathum Nissanka",Rod Tucker,Kumar Dharmasena
548328,Dhaka,2012-04-18,2012,22,Bangladesh,Pakistan,The Oval,England,bat,N,Bangladesh,Wickets,8.0,,Shakib Al Hasan,"Joe Root, Ben Stokes, Jos Buttler","Shakib Al Hasan, Tamim Iqbal, Mustafizur Rahman",Paul Reiffel,Kumar Dharmasena
548327,Melbourne,2012-04-17,2012,21,Pakistan,South Africa,Lord's Cricket Ground,New Zealand,bat,N,Pakistan,Wickets,6.0,,Mohammad Rizwan,"Kane Williamson, Trent Boult, Devon Conway","Babar Azam, Shaheen Afridi, Mohammad Rizwan",Chris Gaffaney,Paul Reiffel
548326,London,2012-04-17,2012,20,New Zealand,England,Lord's Cricket Ground,India,bat,N,New Zealand,Wickets,5.0,,Kane Williamson,"Virat Kohli, Rohit Sharma, Jasprit Bumrah","Kane Williamson, Trent Boult, Devon Conway",Marais Erasmus,Kumar Dharmasena
548325,Kolkata,2012-04-16,2012,19,New Zealand,South Africa,The Oval,Pakistan,field,N,Bangladesh,Wickets,7.0,,Mustafizur Rahman,"Babar Azam, Shaheen Afridi, Mohammad Rizwan","Shakib Al Hasan, Tamim Iqbal, Mustafizur Rahman",Chris Gaffaney,Kumar Dharmasena
548324,Manchester,2012-04-15,2012,18,New Zealand,Afghanistan,Old Trafford Cricket Ground,Afghanistan,bat,N,Afghanistan,Runs,59.0,,Rashid Khan,"Rashid Khan, Rahmanullah Gurbaz, Mohammad Nabi","Pat Cummins, Steve Smith, David Warner",Marais Erasmus,Nitin Menon
548323,Kolkata,2012-04-15,2012,17,West Indies,Pakistan,Sher-e-Bangla National Stadium,Australia,field,N,South Africa,Runs,2.0,,Quinton de Kock,"Pat Cummins, Steve Smith, David Warner","Quinton de Kock, Kagiso Rabada, Aiden Markram",Kumar Dharmasena,Nitin Menon
548322,Kolkata,2012-04-14,2012,16,Pakistan,Bangladesh,Melbourne Cricket Ground,Pakistan,bat,N,Pakistan,Wickets,7.0,,Mohammad Rizwan,"Joe Root, Ben Stokes, Jos Buttler","Babar Azam, Shaheen Afridi, Mohammad Rizwan",Chris Gaffaney,Marais Erasmus
548320,Lahore,2012-04-13,2012,15,India,Pakistan,Eden Gardens,West Indies,bat,N,West Indies,Wickets,5.0,,Jason Holder,"Pat Cummins, Steve Smith, David Warner","Nicholas Pooran, Jason Holder, Shimron Hetmyer",Kumar Dharmasena,Marais Erasmus
548319,London,2012-04-12,2012,14,Pakistan,West Indies,Narendra Modi Stadium,Pakistan,field,N,Pakistan,Wickets,7.0,,Shaheen Afridi,"Nicholas Pooran, Jason Holder, Shimron Hetmyer","Babar Azam, Shaheen Afridi, Mohammad Rizwan",Nitin Menon,Kumar Dharmasena
548318,London,2012-04-12,2012,13,Sri Lanka,South Africa,Narendra Modi Stadium,South Africa,bat,N,South Africa,Wickets,5.0,,Quinton de Kock,"Quinton de Kock, Kagiso Rabada, Aiden Markram","Rashid Khan, Rahmanullah Gurbaz, Mohammad Nabi",Rod Tucker,Nitin Menon
548317,Mumbai,2012-04-11,2012,12,India,Australia,Adelaide Oval,Afghanistan,field,N,West Indies,Runs,27.0,,Nicholas Pooran,"Rashid Khan, Rahmanullah Gurbaz, Mohammad Nabi","Nicholas Pooran, Jason Holder, Shimron Hetmyer",Marais Erasmus,Nitin Menon
548316,Sydney,2012-04-10,2012,11,England,South Africa,Narendra Modi Stadium,West Indies,field,N,New Zealand,Wickets,8.0,,Devon Conway,"Kane Williamson, Trent Boult, Devon Conway","Nicholas Pooran, Jason Holder, Shimron Hetmyer",Aleem Dar,Marais Erasmus
548315,Melbourne,2012-04-10,2012,10,Bangladesh,South Africa,Gaddafi Stadium,Afghanistan,field,N,India,Runs,42.0,,Rohit Sharma,"Rashid Khan, Rahmanullah Gurbaz, Mohammad Nabi","Virat Kohli, Rohit Sharma, Jasprit Bumrah",Paul Reiffel,Kumar Dharmasena
548314,Lahore,2012-04-09,2012,9,New Zealand,Pakistan,Narendra Modi Stadium,India,bat,N,Afghanistan,Wickets,5.0,,Rashid Khan,"Virat Kohli, Rohit Sharma, Jasprit Bumrah","Rashid Khan, Rahmanullah Gurbaz, Mohammad Nabi",Aleem Dar,Paul Reiffel
548313,Adelaide,2012-04-08,2012,8,Australia,New Zealand,Eden Gardens,Sri Lanka,bat,N,Afghanistan,Runs,22.0,,Rahmanullah Gurbaz,"Wanindu Hasaranga, Kusal Mendis, Pathum Nissanka","Rashid Khan, Rahmanullah Gurbaz, Mohammad Nabi",Paul Reiffel,Richard Kettleborough
548312,London,2012-04-08,2012,7,South Africa,New Zealand,Lord's Cricket Ground,India,field,N,West Indies,Runs,22.0,,Shimron Hetmyer,"Nicholas Pooran, Jason Holder, Shimron Hetmyer","Virat Kohli, Rohit Sharma, Jasprit Bumrah",Paul Reiffel,Marais Erasmus
548311,Adelaide,2012-04-07,2012,6,Afghanistan,England,Wankhede Stadium,South Africa,field,N,Australia,Runs,74.0,,Steve Smith,"Quinton de Kock, Kagiso Rabada, Aiden Markram","Pat Cummins, Steve Smith, David Warner",Rod Tucker,Marais Erasmus
548310,Adelaide,2012-04-07,2012,5,England,Pakistan,Gaddafi Stadium,Bangladesh,field,N,India,Runs,20.0,,Jasprit Bumrah,"Shakib Al Hasan, Tamim Iqbal, Mustafizur Rahman","Virat Kohli, Rohit Sharma, Jasprit Bumrah",Aleem Dar,Nitin Menon
548309,London,2012-04-06,2012,4,Sri Lanka,South Africa,Eden Gardens,West Indies,field,N,West Indies,Runs,31.0,,Shimron Hetmyer,"Joe Root, Ben Stokes, Jos Buttler","Nicholas Pooran, Jason Holder, Shimron Hetmyer",Chris Gaffaney,Marais Erasmus
548308,London,2012-04-06,2012,3,West Indies,New Zealand,Adelaide Oval,New Zealand,field,N,Afghanistan,Runs,28.0,,Mohammad Nabi,"Rashid Khan, Rahmanullah Gurbaz, Mohammad Nabi","Kane Williamson, Trent Boult, Devon Conway",Richard Kettleborough,Rod Tucker
548307,Manchester,2012-04-05,2012,2,Bangladesh,India,Narendra Modi Stadium,Australia,field,N,Australia,Wickets,8.0,,Pat Cummins,"Rashid Khan, Rahmanullah Gurbaz, Mohammad Nabi","Pat Cummins, Steve Smith, David Warner",Nitin Menon,Paul Reiffel
548306,Lahore,2012-04-04,2012,1,Sri Lanka,India,Wankhede Stadium,Pakistan,field,N,India,Wickets,8.0,,Virat Kohli,"Babar Azam, Shaheen Afridi, Mohammad Rizwan","Virat Kohli, Rohit Sharma, Jasprit Bumrah",Chris Gaffaney,Nitin Menon
501271,Lahore,2011-05-28,2011,Final,Sri Lanka,South Africa,Eden Gardens,India,bat,N,India,Runs,58.0,,Virat Kohli,"Rashid Khan, Rahmanullah Gurbaz, Mohammad Nabi","Virat Kohli, Rohit Sharma, Jasprit Bumrah",Aleem Dar,Chris Gaffaney
501270,Lahore,2011-05-27,2011,Qualifier 2,West Indies,England,The Oval,Australia,field,N,West Indies,Runs,43.0,,Nicholas Pooran,"Pat Cummins, Steve Smith, David Warner","Nicholas Pooran, Jason Holder, Shimron Hetmyer",Rod Tucker,Paul Reiffel
501269,Sydney,2011-05-25,2011,Elimination Final,New Zealand,Pakistan,Adelaide Oval,India,field,N,New Zealand,Wickets,4.0,,Kane Williamson,"Virat Kohli, Rohit Sharma, Jasprit Bumrah","Kane Williamson, Trent Boult, Devon Conway",Nitin Menon,Rod Tucker
501268,Kolkata,2011-05-24,2011,Qualifier 1,Australia,Sri Lanka,Gaddafi Stadium,South Africa,field,N,South Africa,Wickets,6.0,,Quinton de Kock,"Quinton de Kock, Kagiso Rabada, Aiden Markram","Shakib Al Hasan, Tamim Iqbal, Mustafizur Rahman",Chris Gaffaney,Marais Erasmus
501267,Dhaka,2011-05-22,2011,70,India,Australia,Wankhede Stadium,India,field,N,New Zealand,Wickets,5.0,,Trent Boult,"Kane Williamson, Trent Boult, Devon Conway","Virat Kohli, Rohit Sharma, Jasprit Bumrah",Aleem Dar,Paul Reiffel
501266,Melbourne,2011-05-22,2011,69,South Africa,India,Melbourne Cricket Ground,Pakistan,field,N,Australia,Wickets,8.0,,Pat Cummins,"Pat Cummins, Steve Smith, David Warner","Babar Azam, Shaheen Afridi, Mohammad Rizwan",Richard Kettleborough,Nitin Menon
501265,Ahmedabad,2011-05-21,2011,68,India,South Africa,Adelaide Oval,New Zealand,bat,,New Zealand,NoResults,,,Trent Boult,"Kane Williamson, Trent Boult, Devon Conway","Rashid Khan, Rahmanullah Gurbaz, Mohammad Nabi",Richard Kettleborough,Chris Gaffaney
501264,Dhaka,2011-05-21,2011,67,New Zealand,Pakistan,Lord's Cricket Ground,Afghanistan,field,N,Afghanistan,Runs,82.0,,Mohammad Nabi,"Nicholas Pooran, Jason Holder, Shimron Hetmyer","Rashid Khan, Rahmanullah Gurbaz, Mohammad Nabi",Marais Erasmus,Richard Kettleborough
501263,Dhaka,2011-05-20,2011,66,Afghanistan,South Africa,Lord's Cricket Ground,Australia,bat,N,India,Wickets,10.0,,Rohit Sharma,"Pat Cummins, Steve Smith, David Warner","Virat Kohli, Rohit Sharma, Jasprit Bumrah",Marais Erasmus,Aleem Dar
501262,Sydney,2011-05-19,2011,65,England,Australia,The Oval,New Zealand,field,N,Afghanistan,Wickets,7.0,,Rashid Khan,"Kane Williamson, Trent Boult, Devon Conway","Rashid Khan, Rahmanullah Gurbaz, Mohammad Nabi",Kumar Dharmasena,Aleem Dar
501261,Adelaide,2011-05-18,2011,64,Pakistan,South Africa,The Oval,New Zealand,bat,N,New Zealand,Runs,11.0,,Kane Williamson,"Virat Kohli, Rohit Sharma, Jasprit Bumrah","Kane Williamson, Trent Boult, Devon Conway",Nitin Menon,Aleem Dar
501260,Mumbai,2011-05-17,2011,63,South Africa,New Zealand,The Oval,Pakistan,bat,N,South Africa,Runs,111.0,,Quinton de Kock,"Quinton de Kock, Kagiso Rabada, Aiden Markram","Babar Azam, Shaheen Afridi, Mohammad Rizwan",Kumar Dharmasena,Paul Reiffel
501259,Manchester,2011-05-16,2011,62,Sri Lanka,England,Old Trafford Cricket Ground,New Zealand,field,N,Afghanistan,Wickets,6.0,,Rashid Khan,"Kane Williamson, Trent Boult, Devon Conway","Rashid Khan, Rahmanullah Gurbaz, Mohammad Nabi",Paul Reiffel,Marais Erasmus
501258,London,2011-05-15,2011,61,England,New Zealand,Wankhede Stadium,South Africa,field,N,England,Wickets,8.0,,Ben Stokes,"Quinton de Kock, Kagiso Rabada, Aiden Markram","Joe Root, Ben Stokes, Jos Buttler",Paul Reiffel,Marais Erasmus
501257,London,2011-05-15,2011,60,Pakistan,West Indies,Eden Gardens,Australia,field,N,Australia,Runs,29.0,,Pat Cummins,"Shakib Al Hasan, Tamim Iqbal, Mustafizur Rahman","Pat Cummins, Steve Smith, David Warner",Chris Gaffaney,Kumar Dharmasena
501255,Kolkata,2011-05-14,2011,58,West Indies,Afghanistan,Narendra Modi Stadium,New Zealand,field,N,New Zealand,Wickets,4.0,D/L,Devon Conway,"Kane Williamson, Trent Boult, Devon Conway","Quinton de Kock, Kagiso Rabada, Aiden Markram",Marais Erasmus,Rod Tucker
501256,Ahmedabad,2011-05-14,2011,59,New Zealand,India,Adelaide Oval,New Zealand,bat,N,New Zealand,Runs,10.0,,Trent Boult,"Kane Williamson, Trent Boult, Devon Conway","Shakib Al Hasan, Tamim Iqbal, Mustafizur Rahman",Nitin Menon,Aleem Dar
501254,Adelaide,2011-05-13,2011,57,Sri Lanka,Pakistan,Lord's Cricket Ground,South Africa,field,N,South Africa,Wickets,6.0,,Aiden Markram,"Quinton de Kock, Kagiso Rabada, Aiden Markram","Babar Azam, Shaheen Afridi, Mohammad Rizwan",Richard Kettleborough,Aleem Dar
501253,Ahmedabad,2011-05-12,2011,56,New Zealand,Afghanistan,Lord's Cricket Ground,New Zealand,bat,N,New Zealand,Runs,18.0,,Kane Williamson,"Pat Cummins, Steve Smith, David Warner","Kane Williamson, Trent Boult, Devon Conway",Aleem Dar,Richard Kettleborough
501252,Dhaka,2011-05-11,2011,55,England,Pakistan,Sher-e-Bangla National Stadium,England,field,N,England,Wickets,9.0,,Ben Stokes,"Babar Azam, Shaheen Afridi, Mohammad Rizwan","Joe Root, Ben Stokes, Jos Buttler",Paul Reiffel,Richard Kettleborough
501251,Dhaka,2011-05-10,2011,54,Bangladesh,Afghanistan,Narendra Modi Stadium,England,field,N,India,Runs,76.0,,Virat Kohli,"Virat Kohli, Rohit Sharma, Jasprit Bumrah","Joe Root, Ben Stokes, Jos Buttler",Kumar Dharmasena,Paul Reiffel
501250,Manchester,2011-05-10,2011,53,Sri Lanka,Bangladesh,The Oval,Pakistan,bat,N,Pakistan,Wickets,6.0,,Mohammad Rizwan,"Babar Azam, Shaheen Afridi, Mohammad Rizwan","Joe Root, Ben Stokes, Jos Buttler",Paul Reiffel,Marais Erasmus
501249,Melbourne,2011-05-09,2011,52,Afghanistan,Sri Lanka,Wankhede Stadium,New Zealand,field,N,Afghanistan,Runs,63.0,,Mohammad Nabi,"Rashid Khan, Rahmanullah Gurbaz, Mohammad Nabi","Kane Williamson, Trent Boult, Devon Conway",Nitin Menon,Paul Reiffel
501248,London,2011-05-08,2011,51,England,India,Eden Gardens,Afghanistan,bat,N,Australia,Wickets,5.0,,Steve Smith,"Rashid Khan, Rahmanullah Gurbaz, Mohammad Nabi","Pat Cummins, Steve Smith, David Warner",Rod Tucker,Chris Gaffaney
501247,Ahmedabad,2011-05-08,2011,50,Australia,West Indies,Lord's Cricket Ground,New Zealand,bat,N,New Zealand,Wickets,9.0,,Trent Boult,"Kane Williamson, Trent Boult, Devon Conway","Pat Cummins, Steve Smith, David Warner",Paul Reiffel,Nitin Menon
501246,Ahmedabad,2011-05-07,2011,49,Afghanistan,Bangladesh,Narendra Modi Stadium,Pakistan,field,N,Pakistan,Runs,32.0,,Babar Azam,"Babar Azam, Shaheen Afridi, Mohammad Rizwan","Quinton de Kock, Kagiso Rabada, Aiden Markram",Paul Reiffel,Rod Tucker
501245,Sydney,2011-05-07,2011,48,West Indies,New Zealand,Lord's Cricket Ground,England,bat,N,England,Runs,10.0,D/L,Joe Root,"Joe Root, Ben Stokes, Jos Buttler","Wanindu Hasaranga, Kusal Mendis, Pathum Nissanka",Rod Tucker,Richard Kettleborough
501244,London,2011-05-06,2011,47,Bangladesh,South Africa,Narendra Modi Stadium,Afghanistan,field,N,Afghanistan,Runs,85.0,,Mohammad Nabi,"Virat Kohli, Rohit Sharma, Jasprit Bumrah","Rashid Khan, Rahmanullah Gurbaz, Mohammad Nabi",Paul Reiffel,Marais Erasmus
501243,Melbourne,2011-05-05,2011,46,England,Australia,Wankhede Stadium,Sri Lanka,field,N,Sri Lanka,Wickets,4.0,,Wanindu Hasaranga,"Nicholas Pooran, Jason Holder, Shimron Hetmyer","Wanindu Hasaranga, Kusal Mendis, Pathum Nissanka",Aleem Dar,Marais Erasmus
501242,Dhaka,2011-05-05,2011,45,West Indies,England,The Oval,Afghanistan,field,N,Afghanistan,Runs,17.0,,Rahmanullah Gurbaz,"Kane Williamson, Trent Boult, Devon Conway","Rashid Khan, Rahmanullah Gurbaz, Mohammad Nabi",Nitin Menon,Rod Tucker
501241,Manchester,2011-05-04,2011,44,India,Afghanistan,Eden Gardens,Afghanistan,field,N,Afghanistan,Runs,21.0,,Rahmanullah Gurbaz,"Wanindu Hasaranga, Kusal Mendis, Pathum Nissanka","Rashid Khan, Rahmanullah Gurbaz, Mohammad Nabi",Aleem Dar,Paul Reiffel
501240,Sydney,2011-05-04,2011,43,Bangladesh,India,Eden Gardens,West Indies,bat,N,West Indies,Wickets,8.0,,Jason Holder,"Joe Root, Ben Stokes, Jos Buttler","Nicholas Pooran, Jason Holder, Shimron Hetmyer",Marais Erasmus,Kumar Dharmasena
501239,London,2011-05-03,2011,42,India,West Indies,Adelaide Oval,West Indies,field,N,India,Runs,20.0,,Virat Kohli,"Virat Kohli, Rohit Sharma, Jasprit Bumrah","Nicholas Pooran, Jason Holder, Shimron Hetmyer",Paul Reiffel,Rod Tucker
501238,Kolkata,2011-05-02,2011,41,England,Australia,Old Trafford Cricket Ground,Australia,field,N,West Indies,Wickets,7.0,,Jason Holder,"Pat Cummins, Steve Smith, David Warner","Nicholas Pooran, Jason Holder, Shimron Hetmyer",Nitin Menon,Chris Gaffaney
501237,Dhaka,2011-05-02,2011,40,Afghanistan,South Africa,Melbourne Cricket Ground,England,field,N,Sri Lanka,Runs,23.0,,Wanindu Hasaranga,"Joe Root, Ben Stokes, Jos Buttler","Wanindu Hasaranga, Kusal Mendis, Pathum Nissanka",Kumar Dharmasena,Nitin Menon
501235,Dhaka,2011-05-01,2011,38,New Zealand,India,Narendra Modi Stadium,New Zealand,field,N,Australia,Wickets,6.0,,Pat Cummins,"Kane Williamson, Trent Boult, Devon Conway","Pat Cummins, Steve Smith, David Warner",Chris Gaffaney,Richard Kettleborough
501236,London,2011-05-01,2011,39,Sri Lanka,South Africa,The Oval,England,bat,N,Sri Lanka,Runs,19.0,,Pathum Nissanka,"Joe Root, Ben Stokes, Jos Buttler","Wanindu Hasaranga, Kusal Mendis, Pathum Nissanka",Chris Gaffaney,Nitin Menon
501233,Manchester,2011-04-30,2011,36,South Africa,Sri Lanka,Sher-e-Bangla National Stadium,India,bat,N,India,Runs,38.0,,Jasprit Bumrah,"Virat Kohli, Rohit Sharma, Jasprit Bumrah","Wanindu Hasaranga, Kusal Mendis, Pathum Nissanka",Nitin Menon,Aleem Dar
501234,Dhaka,2011-04-30,2011,37,Australia,Pakistan,Old Trafford Cricket Ground,West Indies,field,N,West Indies,Wickets,8.0,,Shimron Hetmyer,"Nicholas Pooran, Jason Holder, Shimron Hetmyer","Virat Kohli, Rohit Sharma, Jasprit Bumrah",Nitin Menon,Paul Reiffel
501232,Sydney,2011-04-29,2011,35,India,Bangladesh,Lord's Cricket Ground,Sri Lanka,field,N,Sri Lanka,Runs,26.0,,Kusal Mendis,"Babar Azam, Shaheen Afridi, Mohammad Rizwan","Wanindu Hasaranga, Kusal Mendis, Pathum Nissanka",Kumar Dharmasena,Chris Gaffaney
501231,London,2011-04-29,2011,34,Australia,Afghanistan,Melbourne Cricket Ground,Sri Lanka,field,N,Sri Lanka,Wickets,7.0,,Kusal Mendis,"Pat Cummins, Steve Smith, David Warner","Wanindu Hasaranga, Kusal Mendis, Pathum Nissanka",Aleem Dar,Kumar Dharmasena
501230,Mumbai,2011-04-28,2011,33,New Zealand,England,Old Trafford Cricket Ground,India,field,N,India,Runs,17.0,,Jasprit Bumrah,"Joe Root, Ben Stokes, Jos Buttler","Virat Kohli, Rohit Sharma, Jasprit Bumrah",Paul Reiffel,Richard Kettleborough
501228,Ahmedabad,2011-04-27,2011,31,Bangladesh,South Africa,Lord's Cricket Ground,Afghanistan,bat,N,South Africa,Wickets,8.0,,Aiden Markram,"Rashid Khan, Rahmanullah Gurbaz, Mohammad Nabi","Quinton de Kock, Kagiso Rabada, Aiden Markram",Chris Gaffaney,Marais Erasmus
501229,Adelaide,2011-04-27,2011,32,Bangladesh,Sri Lanka,Gaddafi Stadium,Bangladesh,field,N,Bangladesh,Runs,55.0,,Mustafizur Rahman,"Shakib Al Hasan, Tamim Iqbal, Mustafizur Rahman","Virat Kohli, Rohit Sharma, Jasprit Bumrah",Kumar Dharmasena,Aleem Dar
501227,Melbourne,2011-04-26,2011,30,Afghanistan,England,Lord's Cricket Ground,New Zealand,field,N,Australia,Wickets,3.0,,Steve Smith,"Kane Williamson, Trent Boult, Devon Conway","Pat Cummins, Steve Smith, David Warner",Richard Kettleborough,Paul Reiffel
501226,Melbourne,2011-04-25,2011,29,New Zealand,West Indies,The Oval,Australia,field,N,Australia,Runs,25.0,,Steve Smith,"Pat Cummins, Steve Smith, David Warner","Nicholas Pooran, Jason Holder, Shimron Hetmyer",Chris Gaffaney,Marais Erasmus
501225,Lahore,2011-04-24,2011,28,Afghanistan,South Africa,Narendra Modi Stadium,England,field,N,England,Wickets,8.0,,Joe Root,"Joe Root, Ben Stokes, Jos Buttler","Nicholas Pooran, Jason Holder, Shimron Hetmyer",Nitin Menon,Marais Erasmus
501224,London,2011-04-24,2011,27,Sri Lanka,New Zealand,Old Trafford Cricket Ground,Bangladesh,field,N,England,Runs,37.0,,Ben Stokes,"Shakib Al Hasan, Tamim Iqbal, Mustafizur Rahman","Joe Root, Ben Stokes, Jos Buttler",Aleem Dar,Paul Reiffel
501223,Ahmedabad,2011-04-23,2011,26,South Africa,India,Wankhede Stadium,New Zealand,field,N,West Indies,Runs,29.0,,Jason Holder,"Kane Williamson, Trent Boult, Devon Conway","Nicholas Pooran, Jason Holder, Shimron Hetmyer",Kumar Dharmasena,Marais Erasmus
501222,Melbourne,2011-04-22,2011,24,West Indies,Australia,Eden Gardens,Pakistan,field,N,Pakistan,Wickets,9.0,,Babar Azam,"Babar Azam, Shaheen Afridi, Mohammad Rizwan","Quinton de Kock, Kagiso Rabada, Aiden Markram",Marais Erasmus,Chris Gaffaney
501221,Ahmedabad,2011-04-22,2011,25,Sri Lanka,Australia,Wankhede Stadium,Afghanistan,field,N,West Indies,Runs,8.0,,Shimron Hetmyer,"Nicholas Pooran, Jason Holder, Shimron Hetmyer","Rashid Khan, Rahmanullah Gurbaz, Mohammad Nabi",Marais Erasmus,Chris Gaffaney
501220,Dhaka,2011-04-21,2011,23,India,South Africa,Gaddafi Stadium,Sri Lanka,field,N,South Africa,Runs,48.0,,Quinton de Kock,"Quinton de Kock, Kagiso Rabada, Aiden Markram","Wanindu Hasaranga, Kusal Mendis, Pathum Nissanka",Kumar Dharmasena,Marais Erasmus
501218,Adelaide,2011-04-20,2011,21,India,Afghanistan,Old Trafford Cricket Ground,Bangladesh,bat,N,Bangladesh,Wickets,7.0,,Tamim Iqbal,"Wanindu Hasaranga, Kusal Mendis, Pathum Nissanka","Shakib Al Hasan, Tamim Iqbal, Mustafizur Rahman",Kumar Dharmasena,Chris Gaffaney
501219,Manchester,2011-04-20,2011,22,Australia,Sri Lanka,Narendra Modi Stadium,Pakistan,field,N,Bangladesh,Runs,6.0,,Shakib Al Hasan,"Babar Azam, Shaheen Afridi, Mohammad Rizwan","Shakib Al Hasan, Tamim Iqbal, Mustafizur Rahman",Chris Gaffaney,Marais Erasmus
501216,Lahore,2011-04-19,2011,19,New Zealand,Pakistan,Adelaide Oval,Sri Lanka,bat,N,Sri Lanka,Runs,16.0,,Pathum Nissanka,"Babar Azam, Shaheen Afridi, Mohammad Rizwan","Wanindu Hasaranga, Kusal Mendis, Pathum Nissanka",Rod Tucker,Chris Gaffaney
501215,Ahmedabad,2011-04-18,2011,18,England,Sri Lanka,Old Trafford Cricket Ground,Sri Lanka,field,N,Sri Lanka,Wickets,7.0,D/L,Wanindu Hasaranga,"Joe Root, Ben Stokes, Jos Buttler","Wanindu Hasaranga, Kusal Mendis, Pathum Nissanka",Rod Tucker,Richard Kettleborough
501214,London,2011-04-17,2011,17,South Africa,India,Sher-e-Bangla National Stadium,West Indies,field,N,West Indies,Wickets,8.0,,Nicholas Pooran,"Kane Williamson, Trent Boult, Devon Conway","Nicholas Pooran, Jason Holder, Shimron Hetmyer",Richard Kettleborough,Paul Reiffel
501213,Lahore,2011-04-17,2011,16,Australia,West Indies,Wankhede Stadium,West Indies,field,N,New Zealand,Wickets,3.0,,Devon Conway,"Kane Williamson, Trent Boult, Devon Conway","Nicholas Pooran, Jason Holder, Shimron Hetmyer",Kumar Dharmasena,Marais Erasmus
501212,Sydney,2011-04-16,2011,15,Pakistan,Sri Lanka,Wankhede Stadium,Bangladesh,field,N,Bangladesh,Wickets,8.0,,Tamim Iqbal,"Shakib Al Hasan, Tamim Iqbal, Mustafizur Rahman","Pat Cummins, Steve Smith, David Warner",Nitin Menon,Aleem Dar
501211,Manchester,2011-04-16,2011,14,New Zealand,Australia,Gaddafi Stadium,England,bat,N,West Indies,Runs,21.0,,Jason Holder,"Nicholas Pooran, Jason Holder, Shimron Hetmyer","Joe Root, Ben Stokes, Jos Buttler",Chris Gaffaney,Richard Kettleborough
501210,London,2011-04-15,2011,13,England,South Africa,Lord's Cricket Ground,West Indies,field,N,Bangladesh,Wickets,8.0,,Mustafizur Rahman,"Nicholas Pooran, Jason Holder, Shimron Hetmyer","Shakib Al Hasan, Tamim Iqbal, Mustafizur Rahman",Paul Reiffel,Kumar Dharmasena
501209,Sydney,2011-04-15,2011,12,Sri Lanka,England,Eden Gardens,England,field,N,England,Wickets,9.0,,Jos Buttler,"Virat Kohli, Rohit Sharma, Jasprit Bumrah","Joe Root, Ben Stokes, Jos Buttler",Paul Reiffel,Nitin Menon
501208,Dhaka,2011-04-14,2011,11,Afghanistan,Pakistan,Melbourne Cricket Ground,India,field,N,Sri Lanka,Runs,33.0,,Wanindu Hasaranga,"Wanindu Hasaranga, Kusal Mendis, Pathum Nissanka","Virat Kohli, Rohit Sharma, Jasprit Bumrah",Richard Kettleborough,Rod Tucker
501207,Mumbai,2011-04-13,2011,10,Bangladesh,England,Lord's Cricket Ground,Australia,bat,N,Sri Lanka,Wickets,4.0,,Wanindu Hasaranga,"Wanindu Hasaranga, Kusal Mendis, Pathum Nissanka","Pat Cummins, Steve Smith, David Warner",Richard Kettleborough,Chris Gaffaney
501206,Mumbai,2011-04-13,2011,9,Bangladesh,India,Gaddafi Stadium,Bangladesh,field,N,England,Wickets,6.0,,Jos Buttler,"Joe Root, Ben Stokes, Jos Buttler","Shakib Al Hasan, Tamim Iqbal, Mustafizur Rahman",Nitin Menon,Richard Kettleborough
501204,Lahore,2011-04-12,2011,7,Australia,Pakistan,Adelaide Oval,India,bat,N,Bangladesh,Wickets,6.0,,Tamim Iqbal,"Virat Kohli, Rohit Sharma, Jasprit Bumrah","Shakib Al Hasan, Tamim Iqbal, Mustafizur Rahman",Kumar Dharmasena,Rod Tucker
501205,Ahmedabad,2011-04-12,2011,8,Sri Lanka,West Indies,Sher-e-Bangla National Stadium,West Indies,field,N,Bangladesh,Wickets,9.0,,Mustafizur Rahman,"Nicholas Pooran, Jason Holder, Shimron Hetmyer","Shakib Al Hasan, Tamim Iqbal, Mustafizur Rahman",Chris Gaffaney,Rod Tucker
501203,Adelaide,2011-04-11,2011,6,India,Bangladesh,Wankhede Stadium,Pakistan,bat,N,Pakistan,Runs,9.0,,Mohammad Rizwan,"Babar Azam, Shaheen Afridi, Mohammad Rizwan","Quinton de Kock, Kagiso Rabada, Aiden Markram",Aleem Dar,Marais Erasmus
501202,Manchester,2011-04-10,2011,5,England,New Zealand,Lord's Cricket Ground,New Zealand,bat,N,New Zealand,Wickets,7.0,,Kane Williamson,"Kane Williamson, Trent Boult, Devon Conway","Wanindu Hasaranga, Kusal Mendis, Pathum Nissanka",Kumar Dharmasena,Richard Kettleborough
501201,Lahore,2011-04-10,2011,4,Afghanistan,England,Wankhede Stadium,Pakistan,bat,N,England,Wickets,8.0,,Ben Stokes,"Babar Azam, Shaheen Afridi, Mohammad Rizwan","Joe Root, Ben Stokes, Jos Buttler",Aleem Dar,Paul Reiffel
501200,Melbourne,2011-04-09,2011,3,South Africa,India,Gaddafi Stadium,Bangladesh,bat,N,Bangladesh,Wickets,6.0,,Shakib Al Hasan,"Virat Kohli, Rohit Sharma, Jasprit Bumrah","Shakib Al Hasan, Tamim Iqbal, Mustafizur Rahman",Paul Reiffel,Richard Kettleborough
501199,Mumbai,2011-04-09,2011,2,South Africa,Pakistan,Wankhede Stadium,Afghanistan,field,N,West Indies,Wickets,8.0,,Jason Holder,"Rashid Khan, Rahmanullah Gurbaz, Mohammad Nabi","Nicholas Pooran, Jason Holder, Shimron Hetmyer",Chris Gaffaney,Marais Erasmus
501198,Kolkata,2011-04-08,2011,1,Pakistan,Bangladesh,Old Trafford Cricket Ground,West Indies,bat,N,West Indies,Runs,2.0,,Nicholas Pooran,"Nicholas Pooran, Jason Holder, Shimron Hetmyer","Virat Kohli, Rohit Sharma, Jasprit Bumrah",Paul Reiffel,Rod Tucker
419165,Melbourne,2010-04-25,2009/10,Final,England,Afghanistan,Lord's Cricket Ground,India,bat,N,Australia,Runs,22.0,,Pat Cummins,"Pat Cummins, Steve Smith, David Warner","Virat Kohli, Rohit Sharma, Jasprit Bumrah",Nitin Menon,Marais Erasmus
419164,Kolkata,2010-04-24,2009/10,3rd Place Play-Off,Australia,India,Old Trafford Cricket Ground,India,bat,N,England,Wickets,9.0,,Ben Stokes,"Joe Root, Ben Stokes, Jos Buttler","Virat Kohli, Rohit Sharma, Jasprit Bumrah",Marais Erasmus,Richard Kettleborough
419163,Manchester,2010-04-22,2009/10,Semi Final,England,Afghanistan,Wankhede Stadium,India,bat,N,Pakistan,Runs,38.0,,Mohammad Rizwan,"Babar Azam, Shaheen Afridi, Mohammad Rizwan","Virat Kohli, Rohit Sharma, Jasprit Bumrah",Richard Kettleborough,Chris Gaffaney
419162,Kolkata,2010-04-21,2009/10,Semi Final,Sri Lanka,Afghanistan,Gaddafi Stadium,Pakistan,bat,N,Pakistan,Runs,35.0,,Babar Azam,"Kane Williamson, Trent Boult, Devon Conway","Babar Azam, Shaheen Afridi, Mohammad Rizwan",Paul Reiffel,Kumar Dharmasena
419161,Lahore,2010-04-19,2009/10,56,England,West Indies,The Oval,Australia,bat,N,Australia,Wickets,9.0,,Pat Cummins,"Joe Root, Ben Stokes, Jos Buttler","Pat Cummins, Steve Smith, David Warner",Richard Kettleborough,Aleem Dar
419160,Ahmedabad,2010-04-18,2009/10,55,Pakistan,Afghanistan,Melbourne Cricket Ground,Sri Lanka,bat,N,Sri Lanka,Runs,11.0,,Pathum Nissanka,"Shakib Al Hasan, Tamim Iqbal, Mustafizur Rahman","Wanindu Hasaranga, Kusal Mendis, Pathum Nissanka",Aleem Dar,Rod Tucker
419159,Adelaide,2010-04-18,2009/10,54,Bangladesh,England,Lord's Cricket Ground,Pakistan,field,N,India,Wickets,6.0,,Virat Kohli,"Babar Azam, Shaheen Afridi, Mohammad Rizwan","Virat Kohli, Rohit Sharma, Jasprit Bumrah",Aleem Dar,Richard Kettleborough
419158,Dhaka,2010-04-17,2009/10,53,Australia,Afghanistan,Melbourne Cricket Ground,Bangladesh,bat,N,New Zealand,Wickets,8.0,,Trent Boult,"Shakib Al Hasan, Tamim Iqbal, Mustafizur Rahman","Kane Williamson, Trent Boult, Devon Conway",Chris Gaffaney,Kumar Dharmasena
419157,Ahmedabad,2010-04-17,2009/10,52,West Indies,Afghanistan,Eden Gardens,New Zealand,field,N,New Zealand,Runs,57.0,,Devon Conway,"Virat Kohli, Rohit Sharma, Jasprit Bumrah","Kane Williamson, Trent Boult, Devon Conway",Marais Erasmus,Richard Kettleborough
419156,Melbourne,2010-04-16,2009/10,51,New Zealand,England,Gaddafi Stadium,Pakistan,field,N,Afghanistan,Wickets,5.0,,Rashid Khan,"Babar Azam, Shaheen Afridi, Mohammad Rizwan","Rashid Khan, Rahmanullah Gurbaz, Mohammad Nabi",Kumar Dharmasena,Nitin Menon
419155,Melbourne,2010-04-15,2009/10,50,Afghanistan,India,Eden Gardens,Sri Lanka,bat,N,England,Wickets,6.0,,Joe Root,"Wanindu Hasaranga, Kusal Mendis, Pathum Nissanka","Joe Root, Ben Stokes, Jos Buttler",Chris Gaffaney,Aleem Dar
419154,Adelaide,2010-04-14,2009/10,49,West Indies,South Africa,Gaddafi Stadium,Afghanistan,bat,N,Pakistan,Wickets,5.0,,Mohammad Rizwan,"Babar Azam, Shaheen Afridi, Mohammad Rizwan","Rashid Khan, Rahmanullah Gurbaz, Mohammad Nabi",Richard Kettleborough,Chris Gaffaney
419153,Dhaka,2010-04-13,2009/10,48,India,England,Old Trafford Cricket Ground,Afghanistan,bat,N,Afghanistan,Wickets,9.0,,Mohammad Nabi,"Nicholas Pooran, Jason Holder, Shimron Hetmyer","Rashid Khan, Rahmanullah Gurbaz, Mohammad Nabi",Nitin Menon,Kumar Dharmasena
419152,Sydney,2010-04-13,2009/10,47,India,New Zealand,Melbourne Cricket Ground,Pakistan,bat,N,Pakistan,Runs,39.0,,Mohammad Rizwan,"Quinton de Kock, Kagiso Rabada, Aiden Markram","Babar Azam, Shaheen Afridi, Mohammad Rizwan",Kumar Dharmasena,Chris Gaffaney
419151,Lahore,2010-04-12,2009/10,46,Australia,New Zealand,Eden Gardens,South Africa,field,N,South Africa,Runs,13.0,,Aiden Markram,"Rashid Khan, Rahmanullah Gurbaz, Mohammad Nabi","Quinton de Kock, Kagiso Rabada, Aiden Markram",Kumar Dharmasena,Chris Gaffaney
419150,London,2010-04-11,2009/10,45,Bangladesh,Australia,Melbourne Cricket Ground,Australia,field,N,Australia,Runs,37.0,,Pat Cummins,"Pat Cummins, Steve Smith, David Warner","Shakib Al Hasan, Tamim Iqbal, Mustafizur Rahman",Marais Erasmus,Rod Tucker
419149,Manchester,2010-04-11,2009/10,44,Australia,England,Sher-e-Bangla National Stadium,England,bat,N,England,Wickets,7.0,,Joe Root,"Joe Root, Ben Stokes, Jos Buttler","Rashid Khan, Rahmanullah Gurbaz, Mohammad Nabi",Kumar Dharmasena,Paul Reiffel
419148,Adelaide,2010-04-10,2009/10,43,Pakistan,Sri Lanka,Gaddafi Stadium,Bangladesh,field,N,South Africa,Wickets,7.0,,Aiden Markram,"Quinton de Kock, Kagiso Rabada, Aiden Markram","Shakib Al Hasan, Tamim Iqbal, Mustafizur Rahman",Chris Gaffaney,Rod Tucker
419147,Dhaka,2010-04-10,2009/10,42,England,New Zealand,The Oval,South Africa,bat,N,South Africa,Wickets,6.0,,Quinton de Kock,"Nicholas Pooran, Jason Holder, Shimron Hetmyer","Quinton de Kock, Kagiso Rabada, Aiden Markram",Nitin Menon,Paul Reiffel
419146,Adelaide,2010-04-09,2009/10,41,Sri Lanka,Australia,The Oval,West Indies,bat,N,South Africa,Wickets,6.0,,Aiden Markram,"Quinton de Kock, Kagiso Rabada, Aiden Markram","Nicholas Pooran, Jason Holder, Shimron Hetmyer",Aleem Dar,Nitin Menon
419145,Dhaka,2010-04-08,2009/10,40,Australia,Pakistan,Lord's Cricket Ground,West Indies,field,N,West Indies,Wickets,7.0,,Shimron Hetmyer,"Nicholas Pooran, Jason Holder, Shimron Hetmyer","Pat Cummins, Steve Smith, David Warner",Richard Kettleborough,Marais Erasmus
419144,Kolkata,2010-04-07,2009/10,39,New Zealand,West Indies,Sher-e-Bangla National Stadium,Australia,bat,N,Bangladesh,Runs,14.0,,Tamim Iqbal,"Pat Cummins, Steve Smith, David Warner","Shakib Al Hasan, Tamim Iqbal, Mustafizur Rahman",Marais Erasmus,Nitin Menon
419143,Lahore,2010-04-07,2009/10,38,England,West Indies,Narendra Modi Stadium,India,bat,N,India,Wickets,9.0,,Rohit Sharma,"Kane Williamson, Trent Boult, Devon Conway","Virat Kohli, Rohit Sharma, Jasprit Bumrah",Aleem Dar,Nitin Menon
419142,Kolkata,2010-04-06,2009/10,37,West Indies,New Zealand,Eden Gardens,England,bat,N,England,Runs,24.0,,Joe Root,"Nicholas Pooran, Jason Holder, Shimron Hetmyer","Joe Root, Ben Stokes, Jos Buttler",Aleem Dar,Marais Erasmus
419141,Lahore,2010-04-05,2009/10,36,New Zealand,Afghanistan,Lord's Cricket Ground,England,bat,N,Pakistan,Runs,2.0,,Shaheen Afridi,"Babar Azam, Shaheen Afridi, Mohammad Rizwan","Joe Root, Ben Stokes, Jos Buttler",Kumar Dharmasena,Paul Reiffel
419139,Mumbai,2010-04-04,2009/10,34,Pakistan,Afghanistan,The Oval,Pakistan,bat,N,Pakistan,Wickets,8.0,,Shaheen Afridi,"Babar Azam, Shaheen Afridi, Mohammad Rizwan","Joe Root, Ben Stokes, Jos Buttler",Marais Erasmus,Paul Reiffel
419140,Manchester,2010-04-04,2009/10,35,India,Afghanistan,Sher-e-Bangla National Stadium,Australia,bat,N,New Zealand,Runs,37.0,,Devon Conway,"Kane Williamson, Trent Boult, Devon Conway","Pat Cummins, Steve Smith, David Warner",Rod Tucker,Richard Kettleborough
419138,Dhaka,2010-04-03,2009/10,33,England,Sri Lanka,The Oval,Bangladesh,bat,N,Bangladesh,Runs,63.0,,Mustafizur Rahman,"Babar Azam, Shaheen Afridi, Mohammad Rizwan","Shakib Al Hasan, Tamim Iqbal, Mustafizur Rahman",Aleem Dar,Richard Kettleborough
419137,Dhaka,2010-04-03,2009/10,32,West Indies,India,Wankhede Stadium,Australia,bat,N,Australia,Runs,23.0,,Steve Smith,"Virat Kohli, Rohit Sharma, Jasprit Bumrah","Pat Cummins, Steve Smith, David Warner",Marais Erasmus,Nitin Menon
419136,Mumbai,2010-04-02,2009/10,31,New Zealand,South Africa,Gaddafi Stadium,South Africa,bat,N,New Zealand,Wickets,6.0,,Kane Williamson,"Kane Williamson, Trent Boult, Devon Conway","Quinton de Kock, Kagiso Rabada, Aiden Markram",Aleem Dar,Kumar Dharmasena
419135,Melbourne,2010-04-01,2009/10,30,New Zealand,India,Narendra Modi Stadium,Bangladesh,bat,N,West Indies,Runs,24.0,,Nicholas Pooran,"Shakib Al Hasan, Tamim Iqbal, Mustafizur Rahman","Nicholas Pooran, Jason Holder, Shimron Hetmyer",Nitin Menon,Paul Reiffel
419134,Ahmedabad,2010-03-31,2009/10,29,Afghanistan,Australia,Lord's Cricket Ground,South Africa,bat,N,England,Runs,67.0,,Jos Buttler,"Joe Root, Ben Stokes, Jos Buttler","Quinton de Kock, Kagiso Rabada, Aiden Markram",Kumar Dharmasena,Aleem Dar
419133,Kolkata,2010-03-31,2009/10,28,Pakistan,England,Narendra Modi Stadium,Australia,bat,N,India,Wickets,5.0,,Jasprit Bumrah,"Virat Kohli, Rohit Sharma, Jasprit Bumrah","Pat Cummins, Steve Smith, David Warner",Paul Reiffel,Chris Gaffaney
419132,Kolkata,2010-03-30,2009/10,27,West Indies,Bangladesh,Old Trafford Cricket Ground,Sri Lanka,field,N,Afghanistan,Wickets,4.0,,Mohammad Nabi,"Wanindu Hasaranga, Kusal Mendis, Pathum Nissanka","Rashid Khan, Rahmanullah Gurbaz, Mohammad Nabi",Nitin Menon,Chris Gaffaney
419131,Sydney,2010-03-29,2009/10,26,England,West Indies,Gaddafi Stadium,Pakistan,bat,N,Pakistan,Runs,40.0,,Mohammad Rizwan,"Babar Azam, Shaheen Afridi, Mohammad Rizwan","Wanindu Hasaranga, Kusal Mendis, Pathum Nissanka",Chris Gaffaney,Kumar Dharmasena
419130,Manchester,2010-03-28,2009/10,25,South Africa,India,Gaddafi Stadium,India,field,N,India,Runs,41.0,,Jasprit Bumrah,"Virat Kohli, Rohit Sharma, Jasprit Bumrah","Pat Cummins, Steve Smith, David Warner",Aleem Dar,Nitin Menon
419129,Manchester,2010-03-28,2009/10,24,Pakistan,West Indies,Melbourne Cricket Ground,Afghanistan,bat,N,Afghanistan,Runs,17.0,,Mohammad Nabi,"Rashid Khan, Rahmanullah Gurbaz, Mohammad Nabi","Wanindu Hasaranga, Kusal Mendis, Pathum Nissanka",Rod Tucker,Aleem Dar
419127,Dhaka,2010-03-27,2009/10,23,Sri Lanka,New Zealand,Melbourne Cricket Ground,Afghanistan,bat,N,Pakistan,Runs,39.0,,Babar Azam,"Rashid Khan, Rahmanullah Gurbaz, Mohammad Nabi","Babar Azam, Shaheen Afridi, Mohammad Rizwan",Paul Reiffel,Chris Gaffaney
419126,Lahore,2010-03-26,2009/10,22,Pakistan,South Africa,Gaddafi Stadium,South Africa,bat,N,Australia,Wickets,8.0,,Steve Smith,"Pat Cummins, Steve Smith, David Warner","Quinton de Kock, Kagiso Rabada, Aiden Markram",Rod Tucker,Paul Reiffel
419125,Ahmedabad,2010-03-25,2009/10,21,England,Pakistan,Old Trafford Cricket Ground,Pakistan,field,N,New Zealand,Wickets,5.0,,Kane Williamson,"Kane Williamson, Trent Boult, Devon Conway","Babar Azam, Shaheen Afridi, Mohammad Rizwan",Kumar Dharmasena,Marais Erasmus
419128,Lahore,2010-03-25,2009/10,20,Afghanistan,Bangladesh,Old Trafford Cricket Ground,West Indies,field,N,West Indies,Runs,17.0,,Jason Holder,"Joe Root, Ben Stokes, Jos Buttler","Nicholas Pooran, Jason Holder, Shimron Hetmyer",Kumar Dharmasena,Rod Tucker
419124,Manchester,2010-03-24,2009/10,19,South Africa,Australia,Narendra Modi Stadium,Afghanistan,field,N,Afghanistan,Runs,31.0,,Mohammad Nabi,"Rashid Khan, Rahmanullah Gurbaz, Mohammad Nabi","Wanindu Hasaranga, Kusal Mendis, Pathum Nissanka",Kumar Dharmasena,Richard Kettleborough
419123,London,2010-03-23,2009/10,18,West Indies,India,Gaddafi Stadium,New Zealand,field,N,West Indies,Runs,36.0,,Nicholas Pooran,"Nicholas Pooran, Jason Holder, Shimron Hetmyer","Kane Williamson, Trent Boult, Devon Conway",Aleem Dar,Chris Gaffaney
419122,Melbourne,2010-03-22,2009/10,17,India,South Africa,The Oval,New Zealand,bat,N,Pakistan,Wickets,7.0,,Mohammad Rizwan,"Babar Azam, Shaheen Afridi, Mohammad Rizwan","Kane Williamson, Trent Boult, Devon Conway",Kumar Dharmasena,Rod Tucker
419121,Ahmedabad,2010-03-21,2009/10,16,Bangladesh,Australia,Narendra Modi Stadium,Afghanistan,field,Y,Afghanistan,SuperOver,,,Mohammad Nabi,"Rashid Khan, Rahmanullah Gurbaz, Mohammad Nabi","Wanindu Hasaranga, Kusal Mendis, Pathum Nissanka",Aleem Dar,Richard Kettleborough
419120,Mumbai,2010-03-21,2009/10,15,Pakistan,Afghanistan,Wankhede Stadium,Australia,bat,N,Australia,Runs,10.0,,Steve Smith,"Wanindu Hasaranga, Kusal Mendis, Pathum Nissanka","Pat Cummins, Steve Smith, David Warner",Aleem Dar,Chris Gaffaney
419119,Lahore,2010-03-20,2009/10,14,South Africa,Pakistan,Narendra Modi Stadium,New Zealand,bat,N,New Zealand,Wickets,7.0,,Devon Conway,"Nicholas Pooran, Jason Holder, Shimron Hetmyer","Kane Williamson, Trent Boult, Devon Conway",Richard Kettleborough,Nitin Menon
419118,Sydney,2010-03-20,2009/10,13,Pakistan,Afghanistan,Old Trafford Cricket Ground,New Zealand,bat,N,New Zealand,Runs,34.0,,Kane Williamson,"Kane Williamson, Trent Boult, Devon Conway","Virat Kohli, Rohit Sharma, Jasprit Bumrah",Rod Tucker,Richard Kettleborough
419116,Lahore,2010-03-19,2009/10,11,India,West Indies,Wankhede Stadium,South Africa,bat,N,Bangladesh,Wickets,5.0,,Tamim Iqbal,"Quinton de Kock, Kagiso Rabada, Aiden Markram","Shakib Al Hasan, Tamim Iqbal, Mustafizur Rahman",Chris Gaffaney,Nitin Menon
419117,London,2010-03-19,2009/10,12,Sri Lanka,New Zealand,The Oval,India,field,N,India,Runs,6.0,,Rohit Sharma,"Babar Azam, Shaheen Afridi, Mohammad Rizwan","Virat Kohli, Rohit Sharma, Jasprit Bumrah",Aleem Dar,Rod Tucker
419115,Lahore,2010-03-18,2009/10,10,New Zealand,India,Old Trafford Cricket Ground,West Indies,field,N,Sri Lanka,Wickets,10.0,,Pathum Nissanka,"Wanindu Hasaranga, Kusal Mendis, Pathum Nissanka","Nicholas Pooran, Jason Holder, Shimron Hetmyer",Nitin Menon,Rod Tucker
419114,Lahore,2010-03-17,2009/10,9,England,Sri Lanka,Eden Gardens,Australia,field,N,Australia,Runs,98.0,,Steve Smith,"Virat Kohli, Rohit Sharma, Jasprit Bumrah","Pat Cummins, Steve Smith, David Warner",Aleem Dar,Paul Reiffel
419113,Lahore,2010-03-16,2009/10,8,England,South Africa,Old Trafford Cricket Ground,Bangladesh,bat,N,South Africa,Runs,55.0,,Quinton de Kock,"Shakib Al Hasan, Tamim Iqbal, Mustafizur Rahman","Quinton de Kock, Kagiso Rabada, Aiden Markram",Rod Tucker,Paul Reiffel
419112,Sydney,2010-03-16,2009/10,7,Bangladesh,India,Wankhede Stadium,England,bat,N,England,Wickets,8.0,,Ben Stokes,"Joe Root, Ben Stokes, Jos Buttler","Pat Cummins, Steve Smith, David Warner",Chris Gaffaney,Aleem Dar
419111,Manchester,2010-03-15,2009/10,6,Bangladesh,West Indies,Sher-e-Bangla National Stadium,Sri Lanka,field,N,New Zealand,Wickets,6.0,,Kane Williamson,"Wanindu Hasaranga, Kusal Mendis, Pathum Nissanka","Kane Williamson, Trent Boult, Devon Conway",Nitin Menon,Marais Erasmus
419109,Sydney,2010-03-14,2009/10,4,Afghanistan,India,The Oval,West Indies,field,N,West Indies,Wickets,7.0,,Nicholas Pooran,"Nicholas Pooran, Jason Holder, Shimron Hetmyer","Pat Cummins, Steve Smith, David Warner",Paul Reiffel,Nitin Menon
419110,Dhaka,2010-03-14,2009/10,5,New Zealand,India,Lord's Cricket Ground,New Zealand,bat,N,New Zealand,Runs,31.0,,Trent Boult,"Kane Williamson, Trent Boult, Devon Conway","Nicholas Pooran, Jason Holder, Shimron Hetmyer",Aleem Dar,Chris Gaffaney
419108,Dhaka,2010-03-13,2009/10,3,England,Australia,Old Trafford Cricket Ground,Australia,field,N,Sri Lanka,Wickets,5.0,,Pathum Nissanka,"Pat Cummins, Steve Smith, David Warner","Wanindu Hasaranga, Kusal Mendis, Pathum Nissanka",Paul Reiffel,Kumar Dharmasena
419107,Kolkata,2010-03-13,2009/10,2,Australia,Afghanistan,The Oval,England,bat,N,Pakistan,Runs,4.0,,Shaheen Afridi,"Joe Root, Ben Stokes, Jos Buttler","Babar Azam, Shaheen Afridi, Mohammad Rizwan",Rod Tucker,Marais Erasmus
419106,London,2010-03-12,2009/10,1,South Africa,Afghanistan,Gaddafi Stadium,Bangladesh,field,N,India,Runs,11.0,,Rohit Sharma,"Virat Kohli, Rohit Sharma, Jasprit Bumrah","Shakib Al Hasan, Tamim Iqbal, Mustafizur Rahman",Nitin Menon,Rod Tucker
392239,Melbourne,2009-05-24,2009,Final,Pakistan,Afghanistan,Sher-e-Bangla National Stadium,India,field,N,India,Runs,6.0,,Rohit Sharma,"Rashid Khan, Rahmanullah Gurbaz, Mohammad Nabi","Virat Kohli, Rohit Sharma, Jasprit Bumrah",Richard Kettleborough,Marais Erasmus
392238,Sydney,2009-05-23,2009,Semi Final,Afghanistan,West Indies,Gaddafi Stadium,Afghanistan,field,N,Afghanistan,Wickets,6.0,,Rashid Khan,"Rashid Khan, Rahmanullah Gurbaz, Mohammad Nabi","Quinton de Kock, Kagiso Rabada, Aiden Markram",Richard Kettleborough,Paul Reiffel
392237,Dhaka,2009-05-22,2009,Semi Final,Sri Lanka,New Zealand,Gaddafi Stadium,South Africa,field,N,South Africa,Wickets,6.0,,Kagiso Rabada,"Quinton de Kock, Kagiso Rabada, Aiden Markram","Shakib Al Hasan, Tamim Iqbal, Mustafizur Rahman",Paul Reiffel,Kumar Dharmasena
392236,Melbourne,2009-05-21,2009,56,South Africa,Bangladesh,Eden Gardens,Bangladesh,bat,N,Bangladesh,Runs,12.0,,Tamim Iqbal,"Shakib Al Hasan, Tamim Iqbal, Mustafizur Rahman","Pat Cummins, Steve Smith, David Warner",Marais Erasmus,Nitin Menon
392235,London,2009-05-21,2009,55,Pakistan,India,Eden Gardens,Sri Lanka,field,N,Sri Lanka,Wickets,4.0,,Kusal Mendis,"Wanindu Hasaranga, Kusal Mendis, Pathum Nissanka","Pat Cummins, Steve Smith, David Warner",Kumar Dharmasena,Chris Gaffaney
392234,London,2009-05-20,2009,54,Afghanistan,Australia,Melbourne Cricket Ground,South Africa,bat,N,South Africa,Runs,24.0,,Quinton de Kock,"Virat Kohli, Rohit Sharma, Jasprit Bumrah","Quinton de Kock, Kagiso Rabada, Aiden Markram",Chris Gaffaney,Richard Kettleborough
392233,Adelaide,2009-05-20,2009,53,Afghanistan,Bangladesh,Sher-e-Bangla National Stadium,Sri Lanka,field,N,Sri Lanka,Wickets,4.0,,Kusal Mendis,"Shakib Al Hasan, Tamim Iqbal, Mustafizur Rahman","Wanindu Hasaranga, Kusal Mendis, Pathum Nissanka",Nitin Menon,Aleem Dar
392232,Kolkata,2009-05-19,2009,52,Australia,Bangladesh,Melbourne Cricket Ground,Afghanistan,bat,N,Bangladesh,Wickets,7.0,,Shakib Al Hasan,"Shakib Al Hasan, Tamim Iqbal, Mustafizur Rahman","Rashid Khan, Rahmanullah Gurbaz, Mohammad Nabi",Paul Reiffel,Rod Tucker
392231,Sydney,2009-05-18,2009,51,Afghanistan,Pakistan,Melbourne Cricket Ground,England,bat,N,Bangladesh,Wickets,7.0,,Tamim Iqbal,"Shakib Al Hasan, Tamim Iqbal, Mustafizur Rahman","Joe Root, Ben Stokes, Jos Buttler",Chris Gaffaney,Aleem Dar
392230,Manchester,2009-05-17,2009,50,Bangladesh,West Indies,Lord's Cricket Ground,England,bat,N,India,Runs,14.0,,Virat Kohli,"Joe Root, Ben Stokes, Jos Buttler","Virat Kohli, Rohit Sharma, Jasprit Bumrah",Kumar Dharmasena,Richard Kettleborough
392229,Kolkata,2009-05-17,2009,49,Pakistan,England,Old Trafford Cricket Ground,Bangladesh,field,N,Bangladesh,Runs,1.0,,Shakib Al Hasan,"Shakib Al Hasan, Tamim Iqbal, Mustafizur Rahman","Wanindu Hasaranga, Kusal Mendis, Pathum Nissanka",Paul Reiffel,Nitin Menon
392227,Adelaide,2009-05-16,2009,47,Afghanistan,India,Eden Gardens,Sri Lanka,bat,N,Sri Lanka,Wickets,7.0,,Kusal Mendis,"Wanindu Hasaranga, Kusal Mendis, Pathum Nissanka","Virat Kohli, Rohit Sharma, Jasprit Bumrah",Aleem Dar,Richard Kettleborough
392228,London,2009-05-16,2009,48,Afghanistan,India,Eden Gardens,India,field,N,India,Wickets,6.0,,Virat Kohli,"Virat Kohli, Rohit Sharma, Jasprit Bumrah","Wanindu Hasaranga, Kusal Mendis, Pathum Nissanka",Richard Kettleborough,Chris Gaffaney
392226,Manchester,2009-05-15,2009,46,South Africa,Australia,Adelaide Oval,New Zealand,field,N,India,Wickets,6.0,,Jasprit Bumrah,"Kane Williamson, Trent Boult, Devon Conway","Virat Kohli, Rohit Sharma, Jasprit Bumrah",Rod Tucker,Nitin Menon
392225,Dhaka,2009-05-14,2009,45,West Indies,South Africa,Eden Gardens,West Indies,bat,N,Pakistan,Runs,2.0,,Shaheen Afridi,"Babar Azam, Shaheen Afridi, Mohammad Rizwan","Nicholas Pooran, Jason Holder, Shimron Hetmyer",Richard Kettleborough,Paul Reiffel
392224,Lahore,2009-05-14,2009,44,West Indies,Afghanistan,Old Trafford Cricket Ground,Australia,bat,N,Australia,Wickets,2.0,,David Warner,"Pat Cummins, Steve Smith, David Warner","Wanindu Hasaranga, Kusal Mendis, Pathum Nissanka",Kumar Dharmasena,Rod Tucker
392223,London,2009-05-13,2009,43,West Indies,Sri Lanka,Gaddafi Stadium,India,field,N,Australia,Runs,12.0,,David Warner,"Virat Kohli, Rohit Sharma, Jasprit Bumrah","Pat Cummins, Steve Smith, David Warner",Chris Gaffaney,Kumar Dharmasena
392222,Lahore,2009-05-12,2009,42,Sri Lanka,Bangladesh,The Oval,West Indies,bat,N,West Indies,Wickets,8.0,,Jason Holder,"Nicholas Pooran, Jason Holder, Shimron Hetmyer","Quinton de Kock, Kagiso Rabada, Aiden Markram",Chris Gaffaney,Rod Tucker
392221,Adelaide,2009-05-12,2009,41,India,Sri Lanka,Sher-e-Bangla National Stadium,India,field,N,Sri Lanka,Wickets,6.0,,Wanindu Hasaranga,"Virat Kohli, Rohit Sharma, Jasprit Bumrah","Wanindu Hasaranga, Kusal Mendis, Pathum Nissanka",Nitin Menon,Rod Tucker
392220,Manchester,2009-05-11,2009,40,Bangladesh,Australia,Adelaide Oval,Bangladesh,bat,N,India,Runs,53.0,,Rohit Sharma,"Virat Kohli, Rohit Sharma, Jasprit Bumrah","Shakib Al Hasan, Tamim Iqbal, Mustafizur Rahman",Richard Kettleborough,Nitin Menon
392219,Mumbai,2009-05-10,2009,39,Australia,England,Gaddafi Stadium,Sri Lanka,field,N,Sri Lanka,Wickets,7.0,,Kusal Mendis,"Wanindu Hasaranga, Kusal Mendis, Pathum Nissanka","Joe Root, Ben Stokes, Jos Buttler",Richard Kettleborough,Kumar Dharmasena
392218,Melbourne,2009-05-10,2009,38,England,Australia,Eden Gardens,Pakistan,bat,N,Afghanistan,Runs,16.0,,Rahmanullah Gurbaz,"Babar Azam, Shaheen Afridi, Mohammad Rizwan","Rashid Khan, Rahmanullah Gurbaz, Mohammad Nabi",Richard Kettleborough,Paul Reiffel
392216,Ahmedabad,2009-05-09,2009,36,Australia,Sri Lanka,Melbourne Cricket Ground,England,field,N,India,Wickets,3.0,,Rohit Sharma,"Virat Kohli, Rohit Sharma, Jasprit Bumrah","Joe Root, Ben Stokes, Jos Buttler",Kumar Dharmasena,Paul Reiffel
392217,Melbourne,2009-05-09,2009,37,Australia,India,Old Trafford Cricket Ground,Pakistan,bat,N,India,Wickets,7.0,,Rohit Sharma,"Babar Azam, Shaheen Afridi, Mohammad Rizwan","Virat Kohli, Rohit Sharma, Jasprit Bumrah",Rod Tucker,Kumar Dharmasena
392215,Ahmedabad,2009-05-08,2009,35,Bangladesh,Afghanistan,Sher-e-Bangla National Stadium,Bangladesh,bat,N,India,Wickets,7.0,,Rohit Sharma,"Shakib Al Hasan, Tamim Iqbal, Mustafizur Rahman","Virat Kohli, Rohit Sharma, Jasprit Bumrah",Kumar Dharmasena,Chris Gaffaney
392214,Kolkata,2009-05-07,2009,34,New Zealand,West Indies,Wankhede Stadium,India,bat,N,South Africa,Runs,12.0,D/L,Kagiso Rabada,"Virat Kohli, Rohit Sharma, Jasprit Bumrah","Quinton de Kock, Kagiso Rabada, Aiden Markram",Rod Tucker,Aleem Dar
392213,Dhaka,2009-05-07,2009,33,England,West Indies,Wankhede Stadium,India,field,N,England,Wickets,7.0,,Joe Root,"Virat Kohli, Rohit Sharma, Jasprit Bumrah","Joe Root, Ben Stokes, Jos Buttler",Marais Erasmus,Rod Tucker
392212,Dhaka,2009-05-06,2009,32,New Zealand,Australia,Eden Gardens,Bangladesh,bat,N,Bangladesh,Runs,19.0,,Mustafizur Rahman,"Shakib Al Hasan, Tamim Iqbal, Mustafizur Rahman","Nicholas Pooran, Jason Holder, Shimron Hetmyer",Richard Kettleborough,Kumar Dharmasena
392211,Kolkata,2009-05-05,2009,31,England,Pakistan,Wankhede Stadium,Australia,bat,N,Australia,Wickets,9.0,,Pat Cummins,"Pat Cummins, Steve Smith, David Warner","Rashid Khan, Rahmanullah Gurbaz, Mohammad Nabi",Paul Reiffel,Marais Erasmus
392210,Adelaide,2009-05-05,2009,30,West Indies,Bangladesh,Sher-e-Bangla National Stadium,Bangladesh,field,N,South Africa,Runs,78.0,,Kagiso Rabada,"Quinton de Kock, Kagiso Rabada, Aiden Markram","Shakib Al Hasan, Tamim Iqbal, Mustafizur Rahman",Nitin Menon,Chris Gaffaney
392209,Melbourne,2009-05-04,2009,29,South Africa,Pakistan,Wankhede Stadium,Pakistan,bat,N,Pakistan,Runs,78.0,,Shaheen Afridi,"Babar Azam, Shaheen Afridi, Mohammad Rizwan","Pat Cummins, Steve Smith, David Warner",Nitin Menon,Aleem Dar
392208,Sydney,2009-05-03,2009,28,West Indies,India,Narendra Modi Stadium,Sri Lanka,bat,N,Sri Lanka,Wickets,9.0,,Pathum Nissanka,"Wanindu Hasaranga, Kusal Mendis, Pathum Nissanka","Kane Williamson, Trent Boult, Devon Conway",Kumar Dharmasena,Rod Tucker
392207,Mumbai,2009-05-03,2009,27,England,New Zealand,Melbourne Cricket Ground,Sri Lanka,bat,N,Australia,Wickets,6.0,,Steve Smith,"Wanindu Hasaranga, Kusal Mendis, Pathum Nissanka","Pat Cummins, Steve Smith, David Warner",Nitin Menon,Rod Tucker
392205,Ahmedabad,2009-05-02,2009,25,India,Sri Lanka,Old Trafford Cricket Ground,India,bat,N,India,Wickets,3.0,,Virat Kohli,"Virat Kohli, Rohit Sharma, Jasprit Bumrah","Kane Williamson, Trent Boult, Devon Conway",Kumar Dharmasena,Chris Gaffaney
392206,Manchester,2009-05-02,2009,26,Pakistan,Sri Lanka,Melbourne Cricket Ground,India,field,N,South Africa,Runs,18.0,,Kagiso Rabada,"Virat Kohli, Rohit Sharma, Jasprit Bumrah","Quinton de Kock, Kagiso Rabada, Aiden Markram",Kumar Dharmasena,Marais Erasmus
392203,Dhaka,2009-05-01,2009,23,South Africa,Afghanistan,Sher-e-Bangla National Stadium,Afghanistan,bat,N,Afghanistan,Runs,9.0,,Rashid Khan,"Rashid Khan, Rahmanullah Gurbaz, Mohammad Nabi","Quinton de Kock, Kagiso Rabada, Aiden Markram",Chris Gaffaney,Paul Reiffel
392204,Kolkata,2009-05-01,2009,24,England,Sri Lanka,Gaddafi Stadium,India,bat,N,New Zealand,Runs,8.0,,Kane Williamson,"Virat Kohli, Rohit Sharma, Jasprit Bumrah","Kane Williamson, Trent Boult, Devon Conway",Nitin Menon,Marais Erasmus
392202,Ahmedabad,2009-04-30,2009,22,Australia,Bangladesh,Gaddafi Stadium,England,field,N,England,Runs,38.0,,Ben Stokes,"Pat Cummins, Steve Smith, David Warner","Joe Root, Ben Stokes, Jos Buttler",Kumar Dharmasena,Paul Reiffel
392201,Manchester,2009-04-30,2009,21,England,Pakistan,Narendra Modi Stadium,South Africa,field,N,South Africa,Wickets,6.0,,Aiden Markram,"Quinton de Kock, Kagiso Rabada, Aiden Markram","Shakib Al Hasan, Tamim Iqbal, Mustafizur Rahman",Rod Tucker,Kumar Dharmasena
392200,Lahore,2009-04-29,2009,20,Australia,Afghanistan,The Oval,India,bat,N,South Africa,Runs,3.0,,Kagiso Rabada,"Virat Kohli, Rohit Sharma, Jasprit Bumrah","Quinton de Kock, Kagiso Rabada, Aiden Markram",Richard Kettleborough,Aleem Dar
392199,Adelaide,2009-04-29,2009,19,Bangladesh,India,Melbourne Cricket Ground,Australia,bat,N,Australia,Wickets,5.0,,David Warner,"Pat Cummins, Steve Smith, David Warner","Joe Root, Ben Stokes, Jos Buttler",Paul Reiffel,Kumar Dharmasena
392198,Sydney,2009-04-28,2009,18,South Africa,New Zealand,Sher-e-Bangla National Stadium,South Africa,bat,N,Australia,Wickets,5.0,,Pat Cummins,"Quinton de Kock, Kagiso Rabada, Aiden Markram","Pat Cummins, Steve Smith, David Warner",Nitin Menon,Kumar Dharmasena
392197,Manchester,2009-04-27,2009,17,New Zealand,Australia,The Oval,South Africa,bat,N,South Africa,Runs,92.0,,Aiden Markram,"Babar Azam, Shaheen Afridi, Mohammad Rizwan","Quinton de Kock, Kagiso Rabada, Aiden Markram",Paul Reiffel,Chris Gaffaney
392196,Ahmedabad,2009-04-27,2009,16,West Indies,Australia,Adelaide Oval,Pakistan,field,N,England,Wickets,6.0,,Ben Stokes,"Joe Root, Ben Stokes, Jos Buttler","Babar Azam, Shaheen Afridi, Mohammad Rizwan",Paul Reiffel,Kumar Dharmasena
392194,Kolkata,2009-04-26,2009,14,New Zealand,Afghanistan,Narendra Modi Stadium,Australia,bat,N,Australia,Wickets,6.0,,Steve Smith,"Pat Cummins, Steve Smith, David Warner","Kane Williamson, Trent Boult, Devon Conway",Kumar Dharmasena,Chris Gaffaney
392195,Adelaide,2009-04-26,2009,15,New Zealand,Afghanistan,Melbourne Cricket Ground,England,bat,N,England,Runs,27.0,,Ben Stokes,"Joe Root, Ben Stokes, Jos Buttler","Babar Azam, Shaheen Afridi, Mohammad Rizwan",Marais Erasmus,Kumar Dharmasena
392192,Mumbai,2009-04-25,2009,12,India,England,Eden Gardens,Bangladesh,bat,N,Bangladesh,Runs,12.0,,Shakib Al Hasan,"Rashid Khan, Rahmanullah Gurbaz, Mohammad Nabi","Shakib Al Hasan, Tamim Iqbal, Mustafizur Rahman",Kumar Dharmasena,Rod Tucker
392191,Manchester,2009-04-24,2009,11,Sri Lanka,West Indies,Narendra Modi Stadium,Sri Lanka,bat,N,West Indies,Wickets,7.0,,Nicholas Pooran,"Wanindu Hasaranga, Kusal Mendis, Pathum Nissanka","Nicholas Pooran, Jason Holder, Shimron Hetmyer",Kumar Dharmasena,Nitin Menon
392190,Adelaide,2009-04-23,2009,10,England,New Zealand,Adelaide Oval,Australia,field,Y,Australia,SuperOver,,,Pat Cummins,"Wanindu Hasaranga, Kusal Mendis, Pathum Nissanka","Pat Cummins, Steve Smith, David Warner",Chris Gaffaney,Nitin Menon
392189,Adelaide,2009-04-23,2009,9,Bangladesh,India,The Oval,South Africa,bat,N,South Africa,Runs,9.0,,Quinton de Kock,"Quinton de Kock, Kagiso Rabada, Aiden Markram","Pat Cummins, Steve Smith, David Warner",Rod Tucker,Aleem Dar
392188,Sydney,2009-04-22,2009,8,England,Australia,Lord's Cricket Ground,West Indies,bat,N,Afghanistan,Runs,24.0,,Rashid Khan,"Nicholas Pooran, Jason Holder, Shimron Hetmyer","Rashid Khan, Rahmanullah Gurbaz, Mohammad Nabi",Rod Tucker,Nitin Menon
392186,Ahmedabad,2009-04-21,2009,6,Australia,Afghanistan,Adelaide Oval,Pakistan,field,N,Pakistan,Runs,11.0,D/L,Shaheen Afridi,"Babar Azam, Shaheen Afridi, Mohammad Rizwan","Pat Cummins, Steve Smith, David Warner",Chris Gaffaney,Richard Kettleborough
392185,Mumbai,2009-04-20,2009,5,Afghanistan,India,Narendra Modi Stadium,Pakistan,bat,N,Pakistan,Runs,92.0,,Shaheen Afridi,"Babar Azam, Shaheen Afridi, Mohammad Rizwan","Quinton de Kock, Kagiso Rabada, Aiden Markram",Richard Kettleborough,Rod Tucker
392184,Melbourne,2009-04-19,2009,4,South Africa,Australia,Sher-e-Bangla National Stadium,Bangladesh,bat,N,Bangladesh,Wickets,8.0,,Mustafizur Rahman,"Shakib Al Hasan, Tamim Iqbal, Mustafizur Rahman","Virat Kohli, Rohit Sharma, Jasprit Bumrah",Rod Tucker,Kumar Dharmasena
392183,Ahmedabad,2009-04-19,2009,3,West Indies,Afghanistan,The Oval,India,field,N,New Zealand,Wickets,10.0,D/L,Kane Williamson,"Virat Kohli, Rohit Sharma, Jasprit Bumrah","Kane Williamson, Trent Boult, Devon Conway",Kumar Dharmasena,Marais Erasmus
392182,London,2009-04-18,2009,2,Afghanistan,England,Melbourne Cricket Ground,England,bat,N,Bangladesh,Runs,75.0,,Shakib Al Hasan,"Shakib Al Hasan, Tamim Iqbal, Mustafizur Rahman","Joe Root, Ben Stokes, Jos Buttler",Nitin Menon,Aleem Dar
392181,Melbourne,2009-04-18,2009,1,England,Pakistan,Eden Gardens,Afghanistan,field,N,Afghanistan,Runs,19.0,,Rashid Khan,"Wanindu Hasaranga, Kusal Mendis, Pathum Nissanka","Rashid Khan, Rahmanullah Gurbaz, Mohammad Nabi",Kumar Dharmasena,Paul Reiffel
336040,Manchester,2008-06-01,2007/08,Final,Australia,Pakistan,Melbourne Cricket Ground,Sri Lanka,field,N,Sri Lanka,Wickets,3.0,,Wanindu Hasaranga,"Wanindu Hasaranga, Kusal Mendis, Pathum Nissanka","Babar Azam, Shaheen Afridi, Mohammad Rizwan",Chris Gaffaney,Aleem Dar
336039,Manchester,2008-05-31,2007/08,Semi Final,West Indies,Bangladesh,Old Trafford Cricket Ground,India,bat,N,South Africa,Wickets,9.0,,Aiden Markram,"Virat Kohli, Rohit Sharma, Jasprit Bumrah","Quinton de Kock, Kagiso Rabada, Aiden Markram",Chris Gaffaney,Marais Erasmus
336038,Lahore,2008-05-30,2007/08,Semi Final,New Zealand,Bangladesh,Sher-e-Bangla National Stadium,England,field,N,England,Runs,105.0,,Joe Root,"Virat Kohli, Rohit Sharma, Jasprit Bumrah","Joe Root, Ben Stokes, Jos Buttler",Richard Kettleborough,Marais Erasmus
336019,London,2008-05-28,2007/08,56,Australia,New Zealand,Adelaide Oval,New Zealand,field,N,New Zealand,Runs,41.0,,Devon Conway,"Kane Williamson, Trent Boult, Devon Conway","Shakib Al Hasan, Tamim Iqbal, Mustafizur Rahman",Aleem Dar,Kumar Dharmasena
336012,Mumbai,2008-05-28,2007/08,55,Pakistan,West Indies,Sher-e-Bangla National Stadium,Sri Lanka,field,N,Sri Lanka,Wickets,9.0,,Kusal Mendis,"Pat Cummins, Steve Smith, David Warner","Wanindu Hasaranga, Kusal Mendis, Pathum Nissanka",Aleem Dar,Marais Erasmus
336037,Kolkata,2008-05-27,2007/08,54,Bangladesh,India,Adelaide Oval,India,bat,N,India,Wickets,7.0,,Jasprit Bumrah,"Kane Williamson, Trent Boult, Devon Conway","Virat Kohli, Rohit Sharma, Jasprit Bumrah",Nitin Menon,Kumar Dharmasena
336036,Ahmedabad,2008-05-26,2007/08,53,Australia,India,The Oval,Pakistan,field,N,Pakistan,Wickets,5.0,,Shaheen Afridi,"Virat Kohli, Rohit Sharma, Jasprit Bumrah","Babar Azam, Shaheen Afridi, Mohammad Rizwan",Nitin Menon,Richard Kettleborough
336035,London,2008-05-25,2007/08,52,India,West Indies,Sher-e-Bangla National Stadium,Bangladesh,bat,N,Bangladesh,Wickets,3.0,,Shakib Al Hasan,"Nicholas Pooran, Jason Holder, Shimron Hetmyer","Shakib Al Hasan, Tamim Iqbal, Mustafizur Rahman",Aleem Dar,Paul Reiffel
336002,Melbourne,2008-05-25,2007/08,51,Australia,West Indies,Gaddafi Stadium,Pakistan,bat,N,Australia,Wickets,5.0,,David Warner,"Pat Cummins, Steve Smith, David Warner","Babar Azam, Shaheen Afridi, Mohammad Rizwan",Paul Reiffel,Aleem Dar
336033,Sydney,2008-05-24,2007/08,49,South Africa,Bangladesh,Sher-e-Bangla National Stadium,New Zealand,bat,N,New Zealand,Runs,10.0,,Devon Conway,"Quinton de Kock, Kagiso Rabada, Aiden Markram","Kane Williamson, Trent Boult, Devon Conway",Rod Tucker,Kumar Dharmasena
336032,Manchester,2008-05-24,2007/08,50,South Africa,Australia,Melbourne Cricket Ground,South Africa,field,N,South Africa,Wickets,5.0,,Aiden Markram,"Quinton de Kock, Kagiso Rabada, Aiden Markram","Kane Williamson, Trent Boult, Devon Conway",Rod Tucker,Marais Erasmus
336031,Kolkata,2008-05-23,2007/08,48,England,New Zealand,Adelaide Oval,England,field,N,New Zealand,Wickets,6.0,,Trent Boult,"Kane Williamson, Trent Boult, Devon Conway","Joe Root, Ben Stokes, Jos Buttler",Chris Gaffaney,Nitin Menon
336029,Lahore,2008-05-21,2007/08,46,South Africa,West Indies,Wankhede Stadium,Pakistan,bat,N,Afghanistan,Runs,14.0,,Rahmanullah Gurbaz,"Babar Azam, Shaheen Afridi, Mohammad Rizwan","Rashid Khan, Rahmanullah Gurbaz, Mohammad Nabi",Chris Gaffaney,Marais Erasmus
336028,Kolkata,2008-05-21,2007/08,45,Afghanistan,Australia,Lord's Cricket Ground,Pakistan,field,N,Bangladesh,Runs,1.0,,Shakib Al Hasan,"Babar Azam, Shaheen Afridi, Mohammad Rizwan","Shakib Al Hasan, Tamim Iqbal, Mustafizur Rahman",Chris Gaffaney,Kumar Dharmasena
336027,Sydney,2008-05-20,2007/08,44,England,South Africa,Lord's Cricket Ground,Sri Lanka,field,N,Afghanistan,Wickets,6.0,,Mohammad Nabi,"Wanindu Hasaranga, Kusal Mendis, Pathum Nissanka","Rashid Khan, Rahmanullah Gurbaz, Mohammad Nabi",Rod Tucker,Chris Gaffaney
336026,Ahmedabad,2008-05-19,2007/08,43,New Zealand,England,The Oval,Bangladesh,field,N,Bangladesh,Wickets,5.0,,Tamim Iqbal,"Shakib Al Hasan, Tamim Iqbal, Mustafizur Rahman","Nicholas Pooran, Jason Holder, Shimron Hetmyer",Richard Kettleborough,Paul Reiffel
336025,Ahmedabad,2008-05-18,2007/08,41,Bangladesh,Pakistan,Sher-e-Bangla National Stadium,Afghanistan,bat,N,West Indies,Runs,3.0,D/L,Jason Holder,"Rashid Khan, Rahmanullah Gurbaz, Mohammad Nabi","Nicholas Pooran, Jason Holder, Shimron Hetmyer",Nitin Menon,Paul Reiffel
336024,Sydney,2008-05-18,2007/08,42,Australia,South Africa,Adelaide Oval,Australia,field,N,Australia,Runs,25.0,,Steve Smith,"Pat Cummins, Steve Smith, David Warner","Babar Azam, Shaheen Afridi, Mohammad Rizwan",Aleem Dar,Nitin Menon
336022,Kolkata,2008-05-17,2007/08,40,Bangladesh,Sri Lanka,Wankhede Stadium,India,bat,N,Australia,Runs,6.0,D/L,Steve Smith,"Pat Cummins, Steve Smith, David Warner","Virat Kohli, Rohit Sharma, Jasprit Bumrah",Chris Gaffaney,Richard Kettleborough
336023,Sydney,2008-05-17,2007/08,39,Pakistan,South Africa,Sher-e-Bangla National Stadium,Australia,field,N,Sri Lanka,Runs,65.0,,Wanindu Hasaranga,"Pat Cummins, Steve Smith, David Warner","Wanindu Hasaranga, Kusal Mendis, Pathum Nissanka",Nitin Menon,Chris Gaffaney
336021,Dhaka,2008-05-16,2007/08,38,West Indies,England,Eden Gardens,New Zealand,field,N,New Zealand,Wickets,8.0,,Devon Conway,"Pat Cummins, Steve Smith, David Warner","Kane Williamson, Trent Boult, Devon Conway",Kumar Dharmasena,Nitin Menon
336020,Melbourne,2008-05-15,2007/08,37,Australia,Afghanistan,Adelaide Oval,Afghanistan,field,N,Sri Lanka,Runs,12.0,,Wanindu Hasaranga,"Rashid Khan, Rahmanullah Gurbaz, Mohammad Nabi","Wanindu Hasaranga, Kusal Mendis, Pathum Nissanka",Chris Gaffaney,Nitin Menon
336018,Manchester,2008-05-14,2007/08,36,West Indies,Sri Lanka,Gaddafi Stadium,Australia,field,N,New Zealand,Wickets,9.0,,Kane Williamson,"Pat Cummins, Steve Smith, David Warner","Kane Williamson, Trent Boult, Devon Conway",Kumar Dharmasena,Paul Reiffel
336017,London,2008-05-13,2007/08,35,England,South Africa,Adelaide Oval,West Indies,bat,N,West Indies,Runs,23.0,,Jason Holder,"Nicholas Pooran, Jason Holder, Shimron Hetmyer","Shakib Al Hasan, Tamim Iqbal, Mustafizur Rahman",Kumar Dharmasena,Paul Reiffel
336016,Manchester,2008-05-12,2007/08,34,Australia,England,Melbourne Cricket Ground,South Africa,bat,N,South Africa,Wickets,9.0,,Aiden Markram,"Quinton de Kock, Kagiso Rabada, Aiden Markram","Kane Williamson, Trent Boult, Devon Conway",Nitin Menon,Kumar Dharmasena
336015,Sydney,2008-05-11,2007/08,33,South Africa,Australia,Gaddafi Stadium,Pakistan,field,N,Pakistan,Wickets,3.0,,Shaheen Afridi,"Babar Azam, Shaheen Afridi, Mohammad Rizwan","Wanindu Hasaranga, Kusal Mendis, Pathum Nissanka",Nitin Menon,Richard Kettleborough
336014,Kolkata,2008-05-11,2007/08,32,Pakistan,Bangladesh,Old Trafford Cricket Ground,Afghanistan,bat,N,England,Runs,23.0,,Ben Stokes,"Rashid Khan, Rahmanullah Gurbaz, Mohammad Nabi","Joe Root, Ben Stokes, Jos Buttler",Kumar Dharmasena,Richard Kettleborough
336013,Adelaide,2008-05-10,2007/08,31,West Indies,Australia,Eden Gardens,India,field,N,India,Runs,18.0,,Virat Kohli,"Virat Kohli, Rohit Sharma, Jasprit Bumrah","Pat Cummins, Steve Smith, David Warner",Paul Reiffel,Rod Tucker
336011,Mumbai,2008-05-09,2007/08,30,West Indies,Sri Lanka,Narendra Modi Stadium,New Zealand,field,N,India,Wickets,8.0,,Jasprit Bumrah,"Kane Williamson, Trent Boult, Devon Conway","Virat Kohli, Rohit Sharma, Jasprit Bumrah",Nitin Menon,Marais Erasmus
336009,Kolkata,2008-05-08,2007/08,28,New Zealand,Bangladesh,Old Trafford Cricket Ground,Bangladesh,field,N,New Zealand,Wickets,4.0,,Devon Conway,"Kane Williamson, Trent Boult, Devon Conway","Shakib Al Hasan, Tamim Iqbal, Mustafizur Rahman",Nitin Menon,Richard Kettleborough
336010,Mumbai,2008-05-08,2007/08,29,Pakistan,England,Sher-e-Bangla National Stadium,West Indies,bat,N,Australia,Runs,5.0,,Steve Smith,"Nicholas Pooran, Jason Holder, Shimron Hetmyer","Pat Cummins, Steve Smith, David Warner",Aleem Dar,Rod Tucker
336008,Kolkata,2008-05-07,2007/08,27,India,Bangladesh,Melbourne Cricket Ground,Pakistan,field,N,England,Wickets,7.0,,Joe Root,"Babar Azam, Shaheen Afridi, Mohammad Rizwan","Joe Root, Ben Stokes, Jos Buttler",Marais Erasmus,Aleem Dar
336007,Adelaide,2008-05-06,2007/08,26,Australia,Pakistan,Eden Gardens,Australia,field,N,Australia,Wickets,7.0,,Steve Smith,"Pat Cummins, Steve Smith, David Warner","Babar Azam, Shaheen Afridi, Mohammad Rizwan",Richard Kettleborough,Paul Reiffel
336006,Ahmedabad,2008-05-05,2007/08,25,England,Australia,The Oval,England,field,N,New Zealand,Wickets,6.0,,Kane Williamson,"Joe Root, Ben Stokes, Jos Buttler","Kane Williamson, Trent Boult, Devon Conway",Paul Reiffel,Marais Erasmus
336005,Manchester,2008-05-04,2007/08,24,South Africa,Australia,Adelaide Oval,West Indies,bat,N,India,Wickets,8.0,,Jasprit Bumrah,"Nicholas Pooran, Jason Holder, Shimron Hetmyer","Virat Kohli, Rohit Sharma, Jasprit Bumrah",Nitin Menon,Richard Kettleborough
336004,Dhaka,2008-05-04,2007/08,23,England,Pakistan,Wankhede Stadium,Afghanistan,field,N,India,Runs,29.0,,Jasprit Bumrah,"Rashid Khan, Rahmanullah Gurbaz, Mohammad Nabi","Virat Kohli, Rohit Sharma, Jasprit Bumrah",Aleem Dar,Richard Kettleborough
336034,Kolkata,2008-05-03,2007/08,21,New Zealand,Bangladesh,Eden Gardens,Bangladesh,field,N,Bangladesh,Runs,3.0,,Mustafizur Rahman,"Pat Cummins, Steve Smith, David Warner","Shakib Al Hasan, Tamim Iqbal, Mustafizur Rahman",Paul Reiffel,Richard Kettleborough
336003,London,2008-05-03,2007/08,22,India,Afghanistan,Old Trafford Cricket Ground,Bangladesh,bat,N,India,Runs,9.0,,Jasprit Bumrah,"Virat Kohli, Rohit Sharma, Jasprit Bumrah","Shakib Al Hasan, Tamim Iqbal, Mustafizur Rahman",Paul Reiffel,Rod Tucker
336001,Kolkata,2008-05-02,2007/08,20,Pakistan,West Indies,Sher-e-Bangla National Stadium,Bangladesh,bat,N,New Zealand,Wickets,8.0,,Trent Boult,"Kane Williamson, Trent Boult, Devon Conway","Shakib Al Hasan, Tamim Iqbal, Mustafizur Rahman",Rod Tucker,Chris Gaffaney
336000,Adelaide,2008-05-01,2007/08,18,South Africa,Sri Lanka,Narendra Modi Stadium,New Zealand,bat,N,New Zealand,Runs,45.0,,Trent Boult,"Kane Williamson, Trent Boult, Devon Conway","Rashid Khan, Rahmanullah Gurbaz, Mohammad Nabi",Aleem Dar,Paul Reiffel
335999,Sydney,2008-05-01,2007/08,19,Bangladesh,England,Adelaide Oval,India,field,N,India,Wickets,7.0,,Jasprit Bumrah,"Virat Kohli, Rohit Sharma, Jasprit Bumrah","Shakib Al Hasan, Tamim Iqbal, Mustafizur Rahman",Richard Kettleborough,Nitin Menon
335998,London,2008-04-30,2007/08,17,Pakistan,South Africa,Eden Gardens,Pakistan,field,N,Afghanistan,Runs,10.0,,Mohammad Nabi,"Babar Azam, Shaheen Afridi, Mohammad Rizwan","Rashid Khan, Rahmanullah Gurbaz, Mohammad Nabi",Rod Tucker,Kumar Dharmasena
335997,Kolkata,2008-04-29,2007/08,16,South Africa,Australia,Narendra Modi Stadium,Pakistan,bat,N,Pakistan,Wickets,7.0,,Shaheen Afridi,"Babar Azam, Shaheen Afridi, Mohammad Rizwan","Pat Cummins, Steve Smith, David Warner",Chris Gaffaney,Aleem Dar
335996,Manchester,2008-04-28,2007/08,15,Sri Lanka,West Indies,Sher-e-Bangla National Stadium,New Zealand,bat,N,New Zealand,Runs,13.0,,Kane Williamson,"Wanindu Hasaranga, Kusal Mendis, Pathum Nissanka","Kane Williamson, Trent Boult, Devon Conway",Richard Kettleborough,Aleem Dar
335995,Kolkata,2008-04-27,2007/08,13,South Africa,Pakistan,Lord's Cricket Ground,England,bat,N,South Africa,Wickets,4.0,,Kagiso Rabada,"Quinton de Kock, Kagiso Rabada, Aiden Markram","Joe Root, Ben Stokes, Jos Buttler",Nitin Menon,Paul Reiffel
335994,Dhaka,2008-04-27,2007/08,14,South Africa,England,The Oval,India,field,N,India,Wickets,10.0,,Jasprit Bumrah,"Shakib Al Hasan, Tamim Iqbal, Mustafizur Rahman","Virat Kohli, Rohit Sharma, Jasprit Bumrah",Kumar Dharmasena,Marais Erasmus
335993,Dhaka,2008-04-26,2007/08,11,Sri Lanka,Pakistan,Melbourne Cricket Ground,New Zealand,bat,N,New Zealand,Wickets,9.0,,Kane Williamson,"Kane Williamson, Trent Boult, Devon Conway","Rashid Khan, Rahmanullah Gurbaz, Mohammad Nabi",Rod Tucker,Chris Gaffaney
335992,Mumbai,2008-04-26,2007/08,12,Afghanistan,England,Melbourne Cricket Ground,New Zealand,field,N,Sri Lanka,Wickets,7.0,,Wanindu Hasaranga,"Kane Williamson, Trent Boult, Devon Conway","Wanindu Hasaranga, Kusal Mendis, Pathum Nissanka",Nitin Menon,Rod Tucker
335991,Lahore,2008-04-25,2007/08,10,West Indies,Australia,Gaddafi Stadium,India,field,N,India,Runs,66.0,,Rohit Sharma,"Virat Kohli, Rohit Sharma, Jasprit Bumrah","Shakib Al Hasan, Tamim Iqbal, Mustafizur Rahman",Rod Tucker,Nitin Menon
335990,Kolkata,2008-04-24,2007/08,9,Australia,South Africa,The Oval,England,field,N,England,Wickets,3.0,,Joe Root,"Joe Root, Ben Stokes, Jos Buttler","Shakib Al Hasan, Tamim Iqbal, Mustafizur Rahman",Kumar Dharmasena,Aleem Dar
335989,Melbourne,2008-04-23,2007/08,8,New Zealand,South Africa,Narendra Modi Stadium,Australia,field,N,Australia,Runs,6.0,,Pat Cummins,"Pat Cummins, Steve Smith, David Warner","Shakib Al Hasan, Tamim Iqbal, Mustafizur Rahman",Richard Kettleborough,Rod Tucker
335988,Melbourne,2008-04-22,2007/08,7,South Africa,England,Gaddafi Stadium,England,bat,N,Australia,Wickets,9.0,,Steve Smith,"Joe Root, Ben Stokes, Jos Buttler","Pat Cummins, Steve Smith, David Warner",Paul Reiffel,Kumar Dharmasena
335987,Mumbai,2008-04-21,2007/08,6,West Indies,South Africa,Old Trafford Cricket Ground,India,bat,N,India,Wickets,6.0,,Rohit Sharma,"Virat Kohli, Rohit Sharma, Jasprit Bumrah","Babar Azam, Shaheen Afridi, Mohammad Rizwan",Richard Kettleborough,Aleem Dar
335986,Manchester,2008-04-20,2007/08,4,New Zealand,England,Eden Gardens,Australia,bat,N,Australia,Wickets,5.0,,Pat Cummins,"Pat Cummins, Steve Smith, David Warner","Joe Root, Ben Stokes, Jos Buttler",Paul Reiffel,Richard Kettleborough
335985,Melbourne,2008-04-20,2007/08,5,Sri Lanka,India,Lord's Cricket Ground,Bangladesh,bat,N,Bangladesh,Wickets,5.0,,Tamim Iqbal,"Virat Kohli, Rohit Sharma, Jasprit Bumrah","Shakib Al Hasan, Tamim Iqbal, Mustafizur Rahman",Marais Erasmus,Chris Gaffaney
335984,Manchester,2008-04-19,2007/08,3,India,South Africa,The Oval,Sri Lanka,bat,N,Australia,Wickets,9.0,,David Warner,"Pat Cummins, Steve Smith, David Warner","Wanindu Hasaranga, Kusal Mendis, Pathum Nissanka",Richard Kettleborough,Nitin Menon
335983,Kolkata,2008-04-19,2007/08,2,England,Sri Lanka,Gaddafi Stadium,Sri Lanka,bat,N,West Indies,Runs,33.0,,Jason Holder,"Nicholas Pooran, Jason Holder, Shimron Hetmyer","Wanindu Hasaranga, Kusal Mendis, Pathum Nissanka",Rod Tucker,Richard Kettleborough
335982,Sydney,2008-04-18,2007/08,1,Sri Lanka,Afghanistan,Sher-e-Bangla National Stadium,Afghanistan,field,N,England,Runs,140.0,,Jos Buttler,"Joe Root, Ben Stokes, Jos Buttler","Rashid Khan, Rahmanullah Gurbaz, Mohammad Nabi",Chris Gaffaney,Rod Tucker
